file_path,task_name,task_label,param_dict,mode_count,residual_energy,nn_mode_fraction,prediction_mse,prediction_psnr
./victor_nn_videos_2020sep_split/Y/ClassA/NebutaFestival/NebutaFestival_y0-u16le-1x1600x2560.raw,FramePredictionTask__block_size=16_learning_rate=0.5_use_nn_modes=False_use_unfrequent_hevc_modes=True,FramePredictionTask__block_size=16_learning_rate=0.5_use_nn_modes=False_use_unfrequent_hevc_modes=True,"{'block_size': 16, 'use_nn_modes': False, 'use_unfrequent_hevc_modes': True, 'learning_rate': 0.5}","{0: 2758, 1: 3334, 2: 410, 3: 268, 4: 205, 5: 247, 6: 301, 7: 361, 8: 312, 9: 274, 10: 134, 11: 259, 12: 247, 13: 267, 14: 229, 15: 187, 16: 189, 17: 259, 18: 263, 19: 269, 20: 224, 21: 239, 22: 290, 23: 372, 24: 405, 25: 366, 26: 208, 27: 351, 28: 402, 29: 443, 30: 462, 31: 412, 32: 339, 33: 336, 34: 378, 35: 0, 36: 0, 37: 0, 38: 0, 39: 0, 40: 0}",41708449061,0.0,10182.726821533202,20.118871745937973
./victor_nn_videos_2020sep_split/Y/ClassA/NebutaFestival/NebutaFestival_y0-u16le-1x1600x2560.raw,FramePredictionTask__block_size=16_learning_rate=0.5_use_nn_modes=True_use_unfrequent_hevc_modes=True,FramePredictionTask__block_size=16_learning_rate=0.5_use_nn_modes=True_use_unfrequent_hevc_modes=True,"{'block_size': 16, 'use_nn_modes': True, 'use_unfrequent_hevc_modes': True, 'learning_rate': 0.5}","{0: 395, 1: 649, 2: 98, 3: 82, 4: 85, 5: 96, 6: 110, 7: 108, 8: 58, 9: 25, 10: 15, 11: 29, 12: 50, 13: 79, 14: 96, 15: 86, 16: 77, 17: 120, 18: 149, 19: 143, 20: 103, 21: 87, 22: 107, 23: 111, 24: 90, 25: 93, 26: 39, 27: 56, 28: 112, 29: 182, 30: 235, 31: 214, 32: 175, 33: 161, 34: 164, 35: 2805, 36: 3371, 37: 1457, 38: 973, 39: 1225, 40: 1690}",27341177011,0.7200625,6675.092043701172,21.952940088040513
./victor_nn_videos_2020sep_split/Y/ClassA/NebutaFestival/NebutaFestival_y0-u16le-1x1600x2560.raw,FramePredictionTask__block_size=2_learning_rate=0.5_use_nn_modes=False_use_unfrequent_hevc_modes=True,FramePredictionTask__block_size=2_learning_rate=0.5_use_nn_modes=False_use_unfrequent_hevc_modes=True,"{'block_size': 2, 'use_nn_modes': False, 'use_unfrequent_hevc_modes': True, 'learning_rate': 0.5}","{0: 60450, 1: 37822, 2: 54426, 3: 10913, 4: 8374, 5: 15683, 6: 18705, 7: 24684, 8: 23653, 9: 14918, 10: 33313, 11: 16839, 12: 26744, 13: 28315, 14: 23484, 15: 23160, 16: 23549, 17: 27728, 18: 27658, 19: 27539, 20: 22508, 21: 25629, 22: 23227, 23: 27613, 24: 28408, 25: 20743, 26: 57278, 27: 22433, 28: 34725, 29: 39007, 30: 36161, 31: 40713, 32: 28854, 33: 29361, 34: 59383, 35: 0, 36: 0, 37: 0, 38: 0, 39: 0, 40: 0}",3823321985,0.0,933.4282189941406,30.496703412756663
./victor_nn_videos_2020sep_split/Y/ClassA/NebutaFestival/NebutaFestival_y0-u16le-1x1600x2560.raw,FramePredictionTask__block_size=2_learning_rate=0.5_use_nn_modes=True_use_unfrequent_hevc_modes=True,FramePredictionTask__block_size=2_learning_rate=0.5_use_nn_modes=True_use_unfrequent_hevc_modes=True,"{'block_size': 2, 'use_nn_modes': True, 'use_unfrequent_hevc_modes': True, 'learning_rate': 0.5}","{0: 53818, 1: 25336, 2: 41305, 3: 9031, 4: 6933, 5: 12243, 6: 16247, 7: 21702, 8: 20264, 9: 13006, 10: 27393, 11: 14190, 12: 21108, 13: 22786, 14: 19654, 15: 19525, 16: 19838, 17: 23635, 18: 23604, 19: 24502, 20: 20595, 21: 22505, 22: 21490, 23: 26081, 24: 26870, 25: 19539, 26: 49068, 27: 21205, 28: 32877, 29: 36717, 30: 33438, 31: 36347, 32: 26953, 33: 26913, 34: 49874, 35: 8921, 36: 32396, 37: 6528, 38: 31892, 39: 37404, 40: 20267}",3476834731,0.1341875,848.8366042480469,30.90927168114243
./victor_nn_videos_2020sep_split/Y/ClassA/NebutaFestival/NebutaFestival_y0-u16le-1x1600x2560.raw,FramePredictionTask__block_size=32_learning_rate=0.5_use_nn_modes=False_use_unfrequent_hevc_modes=True,FramePredictionTask__block_size=32_learning_rate=0.5_use_nn_modes=False_use_unfrequent_hevc_modes=True,"{'block_size': 32, 'use_nn_modes': False, 'use_unfrequent_hevc_modes': True, 'learning_rate': 0.5}","{0: 848, 1: 895, 2: 104, 3: 63, 4: 58, 5: 56, 6: 78, 7: 89, 8: 80, 9: 64, 10: 39, 11: 54, 12: 52, 13: 52, 14: 57, 15: 46, 16: 43, 17: 58, 18: 62, 19: 60, 20: 60, 21: 58, 22: 69, 23: 69, 24: 76, 25: 86, 26: 42, 27: 67, 28: 82, 29: 105, 30: 100, 31: 91, 32: 86, 33: 63, 34: 88, 35: 0, 36: 0, 37: 0, 38: 0, 39: 0, 40: 0}",72081748177,0.0,17598.08305102539,17.742859044796646
./victor_nn_videos_2020sep_split/Y/ClassA/NebutaFestival/NebutaFestival_y0-u16le-1x1600x2560.raw,FramePredictionTask__block_size=32_learning_rate=0.5_use_nn_modes=True_use_unfrequent_hevc_modes=True,FramePredictionTask__block_size=32_learning_rate=0.5_use_nn_modes=True_use_unfrequent_hevc_modes=True,"{'block_size': 32, 'use_nn_modes': True, 'use_unfrequent_hevc_modes': True, 'learning_rate': 0.5}","{0: 7, 1: 51, 2: 2, 3: 6, 4: 13, 5: 2, 6: 6, 7: 2, 8: 0, 9: 1, 10: 0, 11: 1, 12: 2, 13: 4, 14: 6, 15: 7, 16: 5, 17: 8, 18: 6, 19: 11, 20: 4, 21: 6, 22: 4, 23: 3, 24: 1, 25: 1, 26: 1, 27: 1, 28: 2, 29: 5, 30: 7, 31: 15, 32: 16, 33: 6, 34: 7, 35: 926, 36: 1112, 37: 392, 38: 442, 39: 273, 40: 636}",27140186666,0.94525,6626.0221352539065,21.984983850479285
./victor_nn_videos_2020sep_split/Y/ClassA/NebutaFestival/NebutaFestival_y0-u16le-1x1600x2560.raw,FramePredictionTask__block_size=4_learning_rate=0.5_use_nn_modes=False_use_unfrequent_hevc_modes=True,FramePredictionTask__block_size=4_learning_rate=0.5_use_nn_modes=False_use_unfrequent_hevc_modes=True,"{'block_size': 4, 'use_nn_modes': False, 'use_unfrequent_hevc_modes': True, 'learning_rate': 0.5}","{0: 24494, 1: 14353, 2: 8349, 3: 4136, 4: 4265, 5: 4551, 6: 6183, 7: 6734, 8: 6968, 9: 4229, 10: 5377, 11: 4531, 12: 6684, 13: 6602, 14: 5985, 15: 4685, 16: 4824, 17: 7190, 18: 5072, 19: 7538, 20: 5239, 21: 5328, 22: 6812, 23: 7888, 24: 8271, 25: 5575, 26: 7957, 27: 5879, 28: 8996, 29: 9017, 30: 8589, 31: 7327, 32: 6741, 33: 8029, 34: 11602, 35: 0, 36: 0, 37: 0, 38: 0, 39: 0, 40: 0}",10084760545,0.0,2462.099742431641,26.28445624714385
./victor_nn_videos_2020sep_split/Y/ClassA/NebutaFestival/NebutaFestival_y0-u16le-1x1600x2560.raw,FramePredictionTask__block_size=4_learning_rate=0.5_use_nn_modes=True_use_unfrequent_hevc_modes=True,FramePredictionTask__block_size=4_learning_rate=0.5_use_nn_modes=True_use_unfrequent_hevc_modes=True,"{'block_size': 4, 'use_nn_modes': True, 'use_unfrequent_hevc_modes': True, 'learning_rate': 0.5}","{0: 16114, 1: 7158, 2: 5546, 3: 3100, 4: 3308, 5: 3688, 6: 4983, 7: 5259, 8: 5314, 9: 3310, 10: 3907, 11: 3449, 12: 5107, 13: 5196, 14: 4830, 15: 3811, 16: 3874, 17: 5674, 18: 4262, 19: 5911, 20: 4214, 21: 4311, 22: 5435, 23: 6327, 24: 6267, 25: 4323, 26: 6137, 27: 4672, 28: 7174, 29: 7634, 30: 7454, 31: 6404, 32: 5839, 33: 6771, 34: 9368, 35: 16053, 36: 16909, 37: 9784, 38: 3212, 39: 9536, 40: 4375}",9148025720,0.23386328125,2233.404716796875,26.70783838421269
./victor_nn_videos_2020sep_split/Y/ClassA/NebutaFestival/NebutaFestival_y0-u16le-1x1600x2560.raw,FramePredictionTask__block_size=64_learning_rate=0.5_use_nn_modes=False_use_unfrequent_hevc_modes=True,FramePredictionTask__block_size=64_learning_rate=0.5_use_nn_modes=False_use_unfrequent_hevc_modes=True,"{'block_size': 64, 'use_nn_modes': False, 'use_unfrequent_hevc_modes': True, 'learning_rate': 0.5}","{0: 273, 1: 234, 2: 31, 3: 15, 4: 12, 5: 8, 6: 23, 7: 23, 8: 19, 9: 10, 10: 5, 11: 18, 12: 14, 13: 8, 14: 10, 15: 12, 16: 6, 17: 14, 18: 12, 19: 17, 20: 16, 21: 12, 22: 18, 23: 12, 24: 14, 25: 13, 26: 13, 27: 12, 28: 20, 29: 17, 30: 18, 31: 24, 32: 8, 33: 14, 34: 25, 35: 0, 36: 0, 37: 0, 38: 0, 39: 0, 40: 0}",110219444538,0.0,26909.04407666016,15.898529973679429
./victor_nn_videos_2020sep_split/Y/ClassA/NebutaFestival/NebutaFestival_y0-u16le-1x1600x2560.raw,FramePredictionTask__block_size=64_learning_rate=0.5_use_nn_modes=True_use_unfrequent_hevc_modes=True,FramePredictionTask__block_size=64_learning_rate=0.5_use_nn_modes=True_use_unfrequent_hevc_modes=True,"{'block_size': 64, 'use_nn_modes': True, 'use_unfrequent_hevc_modes': True, 'learning_rate': 0.5}","{0: 1, 1: 0, 2: 1, 3: 0, 4: 0, 5: 0, 6: 0, 7: 1, 8: 0, 9: 0, 10: 0, 11: 0, 12: 0, 13: 0, 14: 0, 15: 0, 16: 0, 17: 0, 18: 0, 19: 0, 20: 0, 21: 0, 22: 0, 23: 0, 24: 0, 25: 0, 26: 0, 27: 0, 28: 0, 29: 0, 30: 1, 31: 0, 32: 0, 33: 0, 34: 0, 35: 252, 36: 283, 37: 77, 38: 113, 39: 58, 40: 213}",20757446734,0.996,5067.736019042969,23.14937283245057
./victor_nn_videos_2020sep_split/Y/ClassA/NebutaFestival/NebutaFestival_y0-u16le-1x1600x2560.raw,FramePredictionTask__block_size=8_learning_rate=0.5_use_nn_modes=False_use_unfrequent_hevc_modes=True,FramePredictionTask__block_size=8_learning_rate=0.5_use_nn_modes=False_use_unfrequent_hevc_modes=True,"{'block_size': 8, 'use_nn_modes': False, 'use_unfrequent_hevc_modes': True, 'learning_rate': 0.5}","{0: 8504, 1: 6992, 2: 1769, 3: 1200, 4: 999, 5: 1110, 6: 1340, 7: 1578, 8: 1606, 9: 1486, 10: 683, 11: 1441, 12: 1489, 13: 1376, 14: 1249, 15: 1041, 16: 995, 17: 1232, 18: 1074, 19: 1353, 20: 1151, 21: 1220, 22: 1487, 23: 1885, 24: 1921, 25: 1793, 26: 1015, 27: 1819, 28: 2069, 29: 2209, 30: 2071, 31: 1862, 32: 1554, 33: 1573, 34: 1854, 35: 0, 36: 0, 37: 0, 38: 0, 39: 0, 40: 0}",21911316611,0.0,5349.442531982422,22.91442741085033
./victor_nn_videos_2020sep_split/Y/ClassA/NebutaFestival/NebutaFestival_y0-u16le-1x1600x2560.raw,FramePredictionTask__block_size=8_learning_rate=0.5_use_nn_modes=True_use_unfrequent_hevc_modes=True,FramePredictionTask__block_size=8_learning_rate=0.5_use_nn_modes=True_use_unfrequent_hevc_modes=True,"{'block_size': 8, 'use_nn_modes': True, 'use_unfrequent_hevc_modes': True, 'learning_rate': 0.5}","{0: 3482, 1: 2477, 2: 859, 3: 669, 4: 637, 5: 720, 6: 859, 7: 922, 8: 862, 9: 687, 10: 322, 11: 612, 12: 820, 13: 867, 14: 796, 15: 691, 16: 692, 17: 875, 18: 859, 19: 940, 20: 814, 21: 856, 22: 996, 23: 1247, 24: 1181, 25: 1019, 26: 631, 27: 1071, 28: 1334, 29: 1577, 30: 1573, 31: 1438, 32: 1180, 33: 1179, 34: 1323, 35: 6798, 36: 7227, 37: 4762, 38: 1542, 39: 3851, 40: 2753}",18376979680,0.420828125,4486.5673046875,23.67837080273209
./victor_nn_videos_2020sep_split/Y/ClassA/PeopleOnStreet/PeopleOnStreet_y0-u8be-1x1600x2560.raw,FramePredictionTask__block_size=16_learning_rate=0.5_use_nn_modes=False_use_unfrequent_hevc_modes=True,FramePredictionTask__block_size=16_learning_rate=0.5_use_nn_modes=False_use_unfrequent_hevc_modes=True,"{'block_size': 16, 'use_nn_modes': False, 'use_unfrequent_hevc_modes': True, 'learning_rate': 0.5}","{0: 2660, 1: 1961, 2: 461, 3: 199, 4: 167, 5: 165, 6: 234, 7: 346, 8: 394, 9: 385, 10: 259, 11: 401, 12: 482, 13: 391, 14: 231, 15: 196, 16: 151, 17: 162, 18: 144, 19: 170, 20: 160, 21: 145, 22: 346, 23: 267, 24: 241, 25: 251, 26: 478, 27: 831, 28: 526, 29: 790, 30: 963, 31: 553, 32: 366, 33: 222, 34: 302, 35: 0, 36: 0, 37: 0, 38: 0, 39: 0, 40: 0}",1436948798,0.0,350.81757763671874,22.679990154002986
./victor_nn_videos_2020sep_split/Y/ClassA/PeopleOnStreet/PeopleOnStreet_y0-u8be-1x1600x2560.raw,FramePredictionTask__block_size=16_learning_rate=0.5_use_nn_modes=True_use_unfrequent_hevc_modes=True,FramePredictionTask__block_size=16_learning_rate=0.5_use_nn_modes=True_use_unfrequent_hevc_modes=True,"{'block_size': 16, 'use_nn_modes': True, 'use_unfrequent_hevc_modes': True, 'learning_rate': 0.5}","{0: 862, 1: 652, 2: 188, 3: 81, 4: 69, 5: 69, 6: 109, 7: 135, 8: 154, 9: 104, 10: 64, 11: 135, 12: 206, 13: 175, 14: 118, 15: 99, 16: 66, 17: 62, 18: 78, 19: 80, 20: 69, 21: 50, 22: 239, 23: 106, 24: 66, 25: 82, 26: 273, 27: 459, 28: 203, 29: 501, 30: 731, 31: 389, 32: 207, 33: 111, 34: 105, 35: 2242, 36: 2350, 37: 1125, 38: 894, 39: 1233, 40: 1059}",774426650,0.5564375,189.06900634765626,25.3646001909527
./victor_nn_videos_2020sep_split/Y/ClassA/PeopleOnStreet/PeopleOnStreet_y0-u8be-1x1600x2560.raw,FramePredictionTask__block_size=2_learning_rate=0.5_use_nn_modes=False_use_unfrequent_hevc_modes=True,FramePredictionTask__block_size=2_learning_rate=0.5_use_nn_modes=False_use_unfrequent_hevc_modes=True,"{'block_size': 2, 'use_nn_modes': False, 'use_unfrequent_hevc_modes': True, 'learning_rate': 0.5}","{0: 124509, 1: 53372, 2: 66145, 3: 12869, 4: 13654, 5: 6479, 6: 27052, 7: 20317, 8: 39229, 9: 23647, 10: 13533, 11: 15188, 12: 33307, 13: 36351, 14: 20405, 15: 21304, 16: 21864, 17: 26775, 18: 15362, 19: 19639, 20: 25035, 21: 16701, 22: 20570, 23: 17479, 24: 33025, 25: 30963, 26: 19374, 27: 14315, 28: 32368, 29: 40678, 30: 29433, 31: 35261, 32: 25142, 33: 33421, 34: 39234, 35: 0, 36: 0, 37: 0, 38: 0, 39: 0, 40: 0}",62598635,0.0,15.282869873046875,36.28875445568243
./victor_nn_videos_2020sep_split/Y/ClassA/PeopleOnStreet/PeopleOnStreet_y0-u8be-1x1600x2560.raw,FramePredictionTask__block_size=2_learning_rate=0.5_use_nn_modes=True_use_unfrequent_hevc_modes=True,FramePredictionTask__block_size=2_learning_rate=0.5_use_nn_modes=True_use_unfrequent_hevc_modes=True,"{'block_size': 2, 'use_nn_modes': True, 'use_unfrequent_hevc_modes': True, 'learning_rate': 0.5}","{0: 117817, 1: 44752, 2: 53014, 3: 11236, 4: 12101, 5: 5701, 6: 24099, 7: 18205, 8: 34478, 9: 21023, 10: 12250, 11: 13185, 12: 29068, 13: 32614, 14: 18854, 15: 19282, 16: 20448, 17: 24711, 18: 14462, 19: 18508, 20: 23546, 21: 15702, 22: 19653, 23: 16833, 24: 31435, 25: 29074, 26: 18219, 27: 13878, 28: 31199, 29: 39156, 30: 28383, 31: 33249, 32: 24029, 33: 30907, 34: 35169, 35: 13000, 36: 19601, 37: 5390, 38: 15836, 39: 22232, 40: 11701}",57685205,0.085703125,14.083302001953125,36.64375868483685
./victor_nn_videos_2020sep_split/Y/ClassA/PeopleOnStreet/PeopleOnStreet_y0-u8be-1x1600x2560.raw,FramePredictionTask__block_size=32_learning_rate=0.5_use_nn_modes=False_use_unfrequent_hevc_modes=True,FramePredictionTask__block_size=32_learning_rate=0.5_use_nn_modes=False_use_unfrequent_hevc_modes=True,"{'block_size': 32, 'use_nn_modes': False, 'use_unfrequent_hevc_modes': True, 'learning_rate': 0.5}","{0: 808, 1: 509, 2: 100, 3: 33, 4: 28, 5: 33, 6: 39, 7: 75, 8: 71, 9: 79, 10: 58, 11: 101, 12: 99, 13: 72, 14: 45, 15: 28, 16: 41, 17: 38, 18: 45, 19: 29, 20: 33, 21: 34, 22: 89, 23: 38, 24: 45, 25: 45, 26: 125, 27: 274, 28: 131, 29: 244, 30: 261, 31: 145, 32: 77, 33: 54, 34: 74, 35: 0, 36: 0, 37: 0, 38: 0, 39: 0, 40: 0}",3379009692,0.0,824.9535380859375,18.966508713738747
./victor_nn_videos_2020sep_split/Y/ClassA/PeopleOnStreet/PeopleOnStreet_y0-u8be-1x1600x2560.raw,FramePredictionTask__block_size=32_learning_rate=0.5_use_nn_modes=True_use_unfrequent_hevc_modes=True,FramePredictionTask__block_size=32_learning_rate=0.5_use_nn_modes=True_use_unfrequent_hevc_modes=True,"{'block_size': 32, 'use_nn_modes': True, 'use_unfrequent_hevc_modes': True, 'learning_rate': 0.5}","{0: 30, 1: 44, 2: 8, 3: 2, 4: 2, 5: 3, 6: 3, 7: 5, 8: 3, 9: 7, 10: 0, 11: 5, 12: 9, 13: 13, 14: 6, 15: 5, 16: 4, 17: 2, 18: 3, 19: 4, 20: 5, 21: 2, 22: 40, 23: 3, 24: 1, 25: 2, 26: 35, 27: 87, 28: 14, 29: 43, 30: 56, 31: 39, 32: 8, 33: 5, 34: 2, 35: 916, 36: 942, 37: 447, 38: 412, 39: 313, 40: 470}",831362199,0.875,202.9692868652344,25.056500350438018
./victor_nn_videos_2020sep_split/Y/ClassA/PeopleOnStreet/PeopleOnStreet_y0-u8be-1x1600x2560.raw,FramePredictionTask__block_size=4_learning_rate=0.5_use_nn_modes=False_use_unfrequent_hevc_modes=True,FramePredictionTask__block_size=4_learning_rate=0.5_use_nn_modes=False_use_unfrequent_hevc_modes=True,"{'block_size': 4, 'use_nn_modes': False, 'use_unfrequent_hevc_modes': True, 'learning_rate': 0.5}","{0: 33575, 1: 12628, 2: 9275, 3: 4141, 4: 4263, 5: 4204, 6: 6038, 7: 7218, 8: 8107, 9: 6680, 10: 5069, 11: 6131, 12: 8858, 13: 7842, 14: 5620, 15: 4361, 16: 4666, 17: 5918, 18: 4158, 19: 5794, 20: 4409, 21: 3951, 22: 5071, 23: 5727, 24: 5944, 25: 5626, 26: 5738, 27: 6447, 28: 8445, 29: 9624, 30: 9648, 31: 8037, 32: 6672, 33: 6685, 34: 9430, 35: 0, 36: 0, 37: 0, 38: 0, 39: 0, 40: 0}",186705935,0.0,45.58250366210938,31.54282185333407
./victor_nn_videos_2020sep_split/Y/ClassA/PeopleOnStreet/PeopleOnStreet_y0-u8be-1x1600x2560.raw,FramePredictionTask__block_size=4_learning_rate=0.5_use_nn_modes=True_use_unfrequent_hevc_modes=True,FramePredictionTask__block_size=4_learning_rate=0.5_use_nn_modes=True_use_unfrequent_hevc_modes=True,"{'block_size': 4, 'use_nn_modes': True, 'use_unfrequent_hevc_modes': True, 'learning_rate': 0.5}","{0: 28800, 1: 9122, 2: 7505, 3: 3440, 4: 3654, 5: 3623, 6: 5275, 7: 6282, 8: 7008, 9: 5747, 10: 4382, 11: 5250, 12: 7712, 13: 6897, 14: 4974, 15: 3863, 16: 4034, 17: 5099, 18: 3723, 19: 5010, 20: 3849, 21: 3473, 22: 4401, 23: 4813, 24: 4930, 25: 4670, 26: 4927, 27: 5637, 28: 7420, 29: 8613, 30: 8960, 31: 7426, 32: 6091, 33: 5990, 34: 8154, 35: 9484, 36: 8815, 37: 5691, 38: 2189, 39: 6014, 40: 3053}",170458459,0.1376796875,41.61583471679688,31.938217508749556
./victor_nn_videos_2020sep_split/Y/ClassA/PeopleOnStreet/PeopleOnStreet_y0-u8be-1x1600x2560.raw,FramePredictionTask__block_size=64_learning_rate=0.5_use_nn_modes=False_use_unfrequent_hevc_modes=True,FramePredictionTask__block_size=64_learning_rate=0.5_use_nn_modes=False_use_unfrequent_hevc_modes=True,"{'block_size': 64, 'use_nn_modes': False, 'use_unfrequent_hevc_modes': True, 'learning_rate': 0.5}","{0: 269, 1: 150, 2: 35, 3: 7, 4: 8, 5: 5, 6: 12, 7: 12, 8: 18, 9: 11, 10: 16, 11: 16, 12: 5, 13: 11, 14: 20, 15: 9, 16: 3, 17: 10, 18: 12, 19: 6, 20: 3, 21: 7, 22: 18, 23: 7, 24: 7, 25: 7, 26: 19, 27: 56, 28: 25, 29: 54, 30: 73, 31: 40, 32: 16, 33: 13, 34: 20, 35: 0, 36: 0, 37: 0, 38: 0, 39: 0, 40: 0}",6403899024,0.0,1563.45191015625,16.189958334437225
./victor_nn_videos_2020sep_split/Y/ClassA/PeopleOnStreet/PeopleOnStreet_y0-u8be-1x1600x2560.raw,FramePredictionTask__block_size=64_learning_rate=0.5_use_nn_modes=True_use_unfrequent_hevc_modes=True,FramePredictionTask__block_size=64_learning_rate=0.5_use_nn_modes=True_use_unfrequent_hevc_modes=True,"{'block_size': 64, 'use_nn_modes': True, 'use_unfrequent_hevc_modes': True, 'learning_rate': 0.5}","{0: 3, 1: 2, 2: 0, 3: 0, 4: 0, 5: 0, 6: 0, 7: 0, 8: 0, 9: 0, 10: 0, 11: 0, 12: 0, 13: 0, 14: 2, 15: 0, 16: 0, 17: 0, 18: 1, 19: 0, 20: 0, 21: 0, 22: 8, 23: 0, 24: 0, 25: 1, 26: 4, 27: 19, 28: 1, 29: 0, 30: 1, 31: 0, 32: 1, 33: 0, 34: 0, 35: 268, 36: 227, 37: 137, 38: 102, 39: 79, 40: 144}",892659426,0.9570000000000001,217.93443017578124,24.747545135765176
./victor_nn_videos_2020sep_split/Y/ClassA/PeopleOnStreet/PeopleOnStreet_y0-u8be-1x1600x2560.raw,FramePredictionTask__block_size=8_learning_rate=0.5_use_nn_modes=False_use_unfrequent_hevc_modes=True,FramePredictionTask__block_size=8_learning_rate=0.5_use_nn_modes=False_use_unfrequent_hevc_modes=True,"{'block_size': 8, 'use_nn_modes': False, 'use_unfrequent_hevc_modes': True, 'learning_rate': 0.5}","{0: 9398, 1: 4853, 2: 1926, 3: 993, 4: 918, 5: 956, 6: 1387, 7: 1617, 8: 1796, 9: 1779, 10: 1152, 11: 1854, 12: 2023, 13: 1772, 14: 1468, 15: 1003, 16: 876, 17: 927, 18: 691, 19: 926, 20: 869, 21: 1014, 22: 1581, 23: 1187, 24: 1213, 25: 1285, 26: 1506, 27: 2608, 28: 1957, 29: 2585, 30: 3357, 31: 2276, 32: 1469, 33: 1158, 34: 1620, 35: 0, 36: 0, 37: 0, 38: 0, 39: 0, 40: 0}",539219999,0.0,131.64550756835936,26.93674317566813
./victor_nn_videos_2020sep_split/Y/ClassA/PeopleOnStreet/PeopleOnStreet_y0-u8be-1x1600x2560.raw,FramePredictionTask__block_size=8_learning_rate=0.5_use_nn_modes=True_use_unfrequent_hevc_modes=True,FramePredictionTask__block_size=8_learning_rate=0.5_use_nn_modes=True_use_unfrequent_hevc_modes=True,"{'block_size': 8, 'use_nn_modes': True, 'use_unfrequent_hevc_modes': True, 'learning_rate': 0.5}","{0: 6152, 1: 3062, 2: 1308, 3: 664, 4: 677, 5: 697, 6: 988, 7: 1137, 8: 1253, 9: 1115, 10: 696, 11: 1242, 12: 1497, 13: 1415, 14: 1121, 15: 782, 16: 697, 17: 695, 18: 569, 19: 711, 20: 681, 21: 769, 22: 1209, 23: 827, 24: 760, 25: 808, 26: 1225, 27: 1961, 28: 1413, 29: 2097, 30: 2955, 31: 1982, 32: 1235, 33: 878, 34: 1161, 35: 4338, 36: 4843, 37: 2560, 38: 922, 39: 3356, 40: 1542}",431108287,0.274390625,105.25104663085938,27.90853937654772
./victor_nn_videos_2020sep_split/Y/ClassA/Traffic/Traffic_y0-u8be-1x1600x2560.raw,FramePredictionTask__block_size=16_learning_rate=0.5_use_nn_modes=False_use_unfrequent_hevc_modes=True,FramePredictionTask__block_size=16_learning_rate=0.5_use_nn_modes=False_use_unfrequent_hevc_modes=True,"{'block_size': 16, 'use_nn_modes': False, 'use_unfrequent_hevc_modes': True, 'learning_rate': 0.5}","{0.0: 2913.0, 1.0: 1188.0, 2.0: 461.0, 3.0: 234.0, 4.0: 201.0, 5.0: 174.0, 6.0: 117.0, 7.0: 190.0, 8.0: 219.0, 9.0: 296.0, 10.0: 456.0, 11.0: 251.0, 12.0: 184.0, 13.0: 143.0, 14.0: 125.0, 15.0: 101.0, 16.0: 114.0, 17.0: 132.0, 18.0: 123.0, 19.0: 163.0, 20.0: 116.0, 21.0: 151.0, 22.0: 162.0, 23.0: 214.0, 24.0: 404.0, 25.0: 1091.0, 26.0: 983.0, 27.0: 836.0, 28.0: 780.0, 29.0: 850.0, 30.0: 777.0, 31.0: 571.0, 32.0: 578.0, 33.0: 325.0, 34.0: 377.0, 35.0: 0.0, 36.0: 0.0, 37.0: 0.0, 38.0: 0.0, 39.0: 0.0, 40.0: 0.0}",831017248,0.0,202.8850703125,25.058302710521907
./victor_nn_videos_2020sep_split/Y/ClassA/Traffic/Traffic_y0-u8be-1x1600x2560.raw,FramePredictionTask__block_size=16_learning_rate=0.5_use_nn_modes=True_use_unfrequent_hevc_modes=True,FramePredictionTask__block_size=16_learning_rate=0.5_use_nn_modes=True_use_unfrequent_hevc_modes=True,"{'block_size': 16, 'use_nn_modes': True, 'use_unfrequent_hevc_modes': True, 'learning_rate': 0.5}","{0.0: 881.0, 1.0: 389.0, 2.0: 157.0, 3.0: 119.0, 4.0: 90.0, 5.0: 71.0, 6.0: 46.0, 7.0: 78.0, 8.0: 74.0, 9.0: 93.0, 10.0: 150.0, 11.0: 72.0, 12.0: 54.0, 13.0: 61.0, 14.0: 47.0, 15.0: 38.0, 16.0: 49.0, 17.0: 68.0, 18.0: 58.0, 19.0: 77.0, 20.0: 60.0, 21.0: 72.0, 22.0: 76.0, 23.0: 75.0, 24.0: 140.0, 25.0: 436.0, 26.0: 399.0, 27.0: 324.0, 28.0: 290.0, 29.0: 390.0, 30.0: 442.0, 31.0: 344.0, 32.0: 338.0, 33.0: 146.0, 34.0: 144.0, 35.0: 1907.0, 36.0: 3239.0, 37.0: 1212.0, 38.0: 759.0, 39.0: 870.0, 40.0: 1665.0}",480303353,0.60325,117.26156079101564,27.43924690374289
./victor_nn_videos_2020sep_split/Y/ClassA/Traffic/Traffic_y0-u8be-1x1600x2560.raw,FramePredictionTask__block_size=2_learning_rate=0.5_use_nn_modes=False_use_unfrequent_hevc_modes=True,FramePredictionTask__block_size=2_learning_rate=0.5_use_nn_modes=False_use_unfrequent_hevc_modes=True,"{'block_size': 2, 'use_nn_modes': False, 'use_unfrequent_hevc_modes': True, 'learning_rate': 0.5}","{0.0: 75359.0, 1.0: 51615.0, 2.0: 57616.0, 3.0: 9430.0, 4.0: 11335.0, 5.0: 5354.0, 6.0: 25426.0, 7.0: 15090.0, 8.0: 34368.0, 9.0: 19939.0, 10.0: 14861.0, 11.0: 12636.0, 12.0: 25109.0, 13.0: 31968.0, 14.0: 14188.0, 15.0: 17737.0, 16.0: 14314.0, 17.0: 19289.0, 18.0: 9131.0, 19.0: 12998.0, 20.0: 23174.0, 21.0: 15959.0, 22.0: 24736.0, 23.0: 22190.0, 24.0: 53304.0, 25.0: 53708.0, 26.0: 40039.0, 27.0: 25540.0, 28.0: 49180.0, 29.0: 58262.0, 30.0: 34691.0, 31.0: 41789.0, 32.0: 30672.0, 33.0: 38281.0, 34.0: 34712.0, 35.0: 0.0, 36.0: 0.0, 37.0: 0.0, 38.0: 0.0, 39.0: 0.0, 40.0: 0.0}",43826366,0.0,10.69979638671875,37.83704847572034
./victor_nn_videos_2020sep_split/Y/ClassA/Traffic/Traffic_y0-u8be-1x1600x2560.raw,FramePredictionTask__block_size=2_learning_rate=0.5_use_nn_modes=True_use_unfrequent_hevc_modes=True,FramePredictionTask__block_size=2_learning_rate=0.5_use_nn_modes=True_use_unfrequent_hevc_modes=True,"{'block_size': 2, 'use_nn_modes': True, 'use_unfrequent_hevc_modes': True, 'learning_rate': 0.5}","{0.0: 68871.0, 1.0: 44193.0, 2.0: 47377.0, 3.0: 8308.0, 4.0: 10340.0, 5.0: 4770.0, 6.0: 23209.0, 7.0: 13576.0, 8.0: 30546.0, 9.0: 17826.0, 10.0: 13410.0, 11.0: 10951.0, 12.0: 21790.0, 13.0: 28727.0, 14.0: 12966.0, 15.0: 15967.0, 16.0: 13015.0, 17.0: 17683.0, 18.0: 8454.0, 19.0: 12155.0, 20.0: 21825.0, 21.0: 15080.0, 22.0: 23776.0, 23.0: 21589.0, 24.0: 51646.0, 25.0: 52012.0, 26.0: 38733.0, 27.0: 25036.0, 28.0: 47933.0, 29.0: 56515.0, 30.0: 33720.0, 31.0: 39828.0, 32.0: 29520.0, 33.0: 35664.0, 34.0: 31114.0, 35.0: 12758.0, 36.0: 16477.0, 37.0: 3847.0, 38.0: 14417.0, 39.0: 19148.0, 40.0: 9228.0}",39812864,0.0740966796875,9.7199375,38.25416888482005
./victor_nn_videos_2020sep_split/Y/ClassA/Traffic/Traffic_y0-u8be-1x1600x2560.raw,FramePredictionTask__block_size=32_learning_rate=0.5_use_nn_modes=False_use_unfrequent_hevc_modes=True,FramePredictionTask__block_size=32_learning_rate=0.5_use_nn_modes=False_use_unfrequent_hevc_modes=True,"{'block_size': 32, 'use_nn_modes': False, 'use_unfrequent_hevc_modes': True, 'learning_rate': 0.5}","{0.0: 917.0, 1.0: 390.0, 2.0: 124.0, 3.0: 50.0, 4.0: 45.0, 5.0: 33.0, 6.0: 27.0, 7.0: 38.0, 8.0: 41.0, 9.0: 58.0, 10.0: 102.0, 11.0: 38.0, 12.0: 18.0, 13.0: 30.0, 14.0: 24.0, 15.0: 18.0, 16.0: 26.0, 17.0: 28.0, 18.0: 35.0, 19.0: 31.0, 20.0: 36.0, 21.0: 35.0, 22.0: 31.0, 23.0: 50.0, 24.0: 66.0, 25.0: 229.0, 26.0: 250.0, 27.0: 205.0, 28.0: 179.0, 29.0: 166.0, 30.0: 173.0, 31.0: 145.0, 32.0: 158.0, 33.0: 114.0, 34.0: 90.0, 35.0: 0.0, 36.0: 0.0, 37.0: 0.0, 38.0: 0.0, 39.0: 0.0, 40.0: 0.0}",1661551205,0.0,405.6521496582032,22.04926579106431
./victor_nn_videos_2020sep_split/Y/ClassA/Traffic/Traffic_y0-u8be-1x1600x2560.raw,FramePredictionTask__block_size=32_learning_rate=0.5_use_nn_modes=True_use_unfrequent_hevc_modes=True,FramePredictionTask__block_size=32_learning_rate=0.5_use_nn_modes=True_use_unfrequent_hevc_modes=True,"{'block_size': 32, 'use_nn_modes': True, 'use_unfrequent_hevc_modes': True, 'learning_rate': 0.5}","{0.0: 72.0, 1.0: 37.0, 2.0: 11.0, 3.0: 14.0, 4.0: 7.0, 5.0: 8.0, 6.0: 3.0, 7.0: 5.0, 8.0: 5.0, 9.0: 5.0, 10.0: 4.0, 11.0: 5.0, 12.0: 0.0, 13.0: 8.0, 14.0: 0.0, 15.0: 2.0, 16.0: 2.0, 17.0: 4.0, 18.0: 5.0, 19.0: 3.0, 20.0: 4.0, 21.0: 10.0, 22.0: 2.0, 23.0: 2.0, 24.0: 8.0, 25.0: 30.0, 26.0: 31.0, 27.0: 21.0, 28.0: 18.0, 29.0: 15.0, 30.0: 29.0, 31.0: 36.0, 32.0: 30.0, 33.0: 13.0, 34.0: 10.0, 35.0: 653.0, 36.0: 1161.0, 37.0: 353.0, 38.0: 366.0, 39.0: 239.0, 40.0: 769.0}",514282000,0.88525,125.55712890625,27.14238984665239
./victor_nn_videos_2020sep_split/Y/ClassA/Traffic/Traffic_y0-u8be-1x1600x2560.raw,FramePredictionTask__block_size=4_learning_rate=0.5_use_nn_modes=False_use_unfrequent_hevc_modes=True,FramePredictionTask__block_size=4_learning_rate=0.5_use_nn_modes=False_use_unfrequent_hevc_modes=True,"{'block_size': 4, 'use_nn_modes': False, 'use_unfrequent_hevc_modes': True, 'learning_rate': 0.5}","{0.0: 23367.0, 1.0: 11566.0, 2.0: 8061.0, 3.0: 3867.0, 4.0: 3822.0, 5.0: 3214.0, 6.0: 4830.0, 7.0: 5193.0, 8.0: 6313.0, 9.0: 5940.0, 10.0: 5703.0, 11.0: 4670.0, 12.0: 6051.0, 13.0: 4840.0, 14.0: 3585.0, 15.0: 2848.0, 16.0: 3247.0, 17.0: 4358.0, 18.0: 2805.0, 19.0: 4429.0, 20.0: 3475.0, 21.0: 3193.0, 22.0: 4563.0, 23.0: 6588.0, 24.0: 10026.0, 25.0: 13393.0, 26.0: 12222.0, 27.0: 10266.0, 28.0: 14069.0, 29.0: 13380.0, 30.0: 11710.0, 31.0: 9020.0, 32.0: 8304.0, 33.0: 7903.0, 34.0: 9179.0, 35.0: 0.0, 36.0: 0.0, 37.0: 0.0, 38.0: 0.0, 39.0: 0.0, 40.0: 0.0}",134590946,0.0,32.85911767578125,32.964244631713036
./victor_nn_videos_2020sep_split/Y/ClassA/Traffic/Traffic_y0-u8be-1x1600x2560.raw,FramePredictionTask__block_size=4_learning_rate=0.5_use_nn_modes=True_use_unfrequent_hevc_modes=True,FramePredictionTask__block_size=4_learning_rate=0.5_use_nn_modes=True_use_unfrequent_hevc_modes=True,"{'block_size': 4, 'use_nn_modes': True, 'use_unfrequent_hevc_modes': True, 'learning_rate': 0.5}","{0.0: 18881.0, 1.0: 8435.0, 2.0: 6482.0, 3.0: 3266.0, 4.0: 3315.0, 5.0: 2836.0, 6.0: 4256.0, 7.0: 4516.0, 8.0: 5439.0, 9.0: 5130.0, 10.0: 4954.0, 11.0: 3893.0, 12.0: 5140.0, 13.0: 4173.0, 14.0: 3166.0, 15.0: 2474.0, 16.0: 2814.0, 17.0: 3729.0, 18.0: 2511.0, 19.0: 3759.0, 20.0: 2986.0, 21.0: 2746.0, 22.0: 3991.0, 23.0: 5679.0, 24.0: 8693.0, 25.0: 12040.0, 26.0: 11228.0, 27.0: 9185.0, 28.0: 12472.0, 29.0: 12125.0, 30.0: 10888.0, 31.0: 8351.0, 32.0: 7779.0, 33.0: 7167.0, 34.0: 7948.0, 35.0: 10221.0, 36.0: 6671.0, 37.0: 6703.0, 38.0: 1976.0, 39.0: 5150.0, 40.0: 2832.0}",121635798,0.13106640625,29.69623974609375,33.40378900133517
./victor_nn_videos_2020sep_split/Y/ClassA/Traffic/Traffic_y0-u8be-1x1600x2560.raw,FramePredictionTask__block_size=64_learning_rate=0.5_use_nn_modes=False_use_unfrequent_hevc_modes=True,FramePredictionTask__block_size=64_learning_rate=0.5_use_nn_modes=False_use_unfrequent_hevc_modes=True,"{'block_size': 64, 'use_nn_modes': False, 'use_unfrequent_hevc_modes': True, 'learning_rate': 0.5}","{0.0: 274.0, 1.0: 142.0, 2.0: 31.0, 3.0: 16.0, 4.0: 6.0, 5.0: 11.0, 6.0: 1.0, 7.0: 12.0, 8.0: 5.0, 9.0: 10.0, 10.0: 20.0, 11.0: 6.0, 12.0: 7.0, 13.0: 11.0, 14.0: 8.0, 15.0: 6.0, 16.0: 7.0, 17.0: 3.0, 18.0: 6.0, 19.0: 5.0, 20.0: 6.0, 21.0: 4.0, 22.0: 2.0, 23.0: 8.0, 24.0: 13.0, 25.0: 40.0, 26.0: 62.0, 27.0: 46.0, 28.0: 35.0, 29.0: 27.0, 30.0: 46.0, 31.0: 24.0, 32.0: 49.0, 33.0: 25.0, 34.0: 26.0, 35.0: 0.0, 36.0: 0.0, 37.0: 0.0, 38.0: 0.0, 39.0: 0.0, 40.0: 0.0}",2887447342,0.0,704.9431987304688,19.64926236035001
./victor_nn_videos_2020sep_split/Y/ClassA/Traffic/Traffic_y0-u8be-1x1600x2560.raw,FramePredictionTask__block_size=64_learning_rate=0.5_use_nn_modes=True_use_unfrequent_hevc_modes=True,FramePredictionTask__block_size=64_learning_rate=0.5_use_nn_modes=True_use_unfrequent_hevc_modes=True,"{'block_size': 64, 'use_nn_modes': True, 'use_unfrequent_hevc_modes': True, 'learning_rate': 0.5}","{0.0: 3.0, 1.0: 3.0, 2.0: 0.0, 3.0: 0.0, 4.0: 0.0, 5.0: 0.0, 6.0: 0.0, 7.0: 0.0, 8.0: 0.0, 9.0: 0.0, 10.0: 0.0, 11.0: 0.0, 12.0: 0.0, 13.0: 0.0, 14.0: 0.0, 15.0: 0.0, 16.0: 0.0, 17.0: 0.0, 18.0: 1.0, 19.0: 0.0, 20.0: 0.0, 21.0: 0.0, 22.0: 0.0, 23.0: 0.0, 24.0: 0.0, 25.0: 0.0, 26.0: 1.0, 27.0: 1.0, 28.0: 1.0, 29.0: 1.0, 30.0: 1.0, 31.0: 3.0, 32.0: 3.0, 33.0: 0.0, 34.0: 1.0, 35.0: 178.0, 36.0: 340.0, 37.0: 105.0, 38.0: 101.0, 39.0: 51.0, 40.0: 206.0}",435138523,0.981,106.23499096679687,27.86812775564266
./victor_nn_videos_2020sep_split/Y/ClassA/Traffic/Traffic_y0-u8be-1x1600x2560.raw,FramePredictionTask__block_size=8_learning_rate=0.5_use_nn_modes=False_use_unfrequent_hevc_modes=True,FramePredictionTask__block_size=8_learning_rate=0.5_use_nn_modes=False_use_unfrequent_hevc_modes=True,"{'block_size': 8, 'use_nn_modes': False, 'use_unfrequent_hevc_modes': True, 'learning_rate': 0.5}","{0.0: 8864.0, 1.0: 3672.0, 2.0: 1910.0, 3.0: 947.0, 4.0: 796.0, 5.0: 707.0, 6.0: 937.0, 7.0: 965.0, 8.0: 1084.0, 9.0: 1527.0, 10.0: 1684.0, 11.0: 1302.0, 12.0: 966.0, 13.0: 789.0, 14.0: 791.0, 15.0: 556.0, 16.0: 576.0, 17.0: 734.0, 18.0: 479.0, 19.0: 726.0, 20.0: 617.0, 21.0: 768.0, 22.0: 1038.0, 23.0: 1140.0, 24.0: 1867.0, 25.0: 4225.0, 26.0: 3272.0, 27.0: 3699.0, 28.0: 3026.0, 29.0: 3219.0, 30.0: 3471.0, 31.0: 2502.0, 32.0: 2106.0, 33.0: 1353.0, 34.0: 1685.0, 35.0: 0.0, 36.0: 0.0, 37.0: 0.0, 38.0: 0.0, 39.0: 0.0, 40.0: 0.0}",362098569,0.0,88.40297094726563,28.66613500330829
./victor_nn_videos_2020sep_split/Y/ClassA/Traffic/Traffic_y0-u8be-1x1600x2560.raw,FramePredictionTask__block_size=8_learning_rate=0.5_use_nn_modes=True_use_unfrequent_hevc_modes=True,FramePredictionTask__block_size=8_learning_rate=0.5_use_nn_modes=True_use_unfrequent_hevc_modes=True,"{'block_size': 8, 'use_nn_modes': True, 'use_unfrequent_hevc_modes': True, 'learning_rate': 0.5}","{0.0: 5173.0, 1.0: 2245.0, 2.0: 1165.0, 3.0: 669.0, 4.0: 585.0, 5.0: 537.0, 6.0: 672.0, 7.0: 687.0, 8.0: 739.0, 9.0: 918.0, 10.0: 1071.0, 11.0: 751.0, 12.0: 642.0, 13.0: 565.0, 14.0: 575.0, 15.0: 404.0, 16.0: 429.0, 17.0: 552.0, 18.0: 380.0, 19.0: 545.0, 20.0: 480.0, 21.0: 590.0, 22.0: 773.0, 23.0: 793.0, 24.0: 1250.0, 25.0: 3086.0, 26.0: 2528.0, 27.0: 2457.0, 28.0: 2164.0, 29.0: 2510.0, 30.0: 2842.0, 31.0: 2104.0, 32.0: 1772.0, 33.0: 1039.0, 34.0: 1178.0, 35.0: 4606.0, 36.0: 5687.0, 37.0: 3167.0, 38.0: 1035.0, 39.0: 2487.0, 40.0: 2148.0}",288599522,0.29890625,70.45886767578125,29.651447013884464
./victor_nn_videos_2020sep_split/Y/ClassB/BQTerrace/BQTerrace_y0-u8be-1x1080x1920.raw,FramePredictionTask__block_size=16_learning_rate=0.5_use_nn_modes=False_use_unfrequent_hevc_modes=True,FramePredictionTask__block_size=16_learning_rate=0.5_use_nn_modes=False_use_unfrequent_hevc_modes=True,"{'block_size': 16, 'use_nn_modes': False, 'use_unfrequent_hevc_modes': True, 'learning_rate': 0.5}","{0: 823, 1: 1541, 2: 104, 3: 46, 4: 62, 5: 41, 6: 57, 7: 74, 8: 86, 9: 189, 10: 1278, 11: 1102, 12: 108, 13: 86, 14: 57, 15: 28, 16: 44, 17: 30, 18: 37, 19: 42, 20: 54, 21: 59, 22: 72, 23: 116, 24: 195, 25: 165, 26: 68, 27: 133, 28: 266, 29: 523, 30: 356, 31: 115, 32: 60, 33: 55, 34: 88, 35: 0, 36: 0, 37: 0, 38: 0, 39: 0, 40: 0}",834781537,0.0,402.5759727044753,22.082325099209715
./victor_nn_videos_2020sep_split/Y/ClassB/BQTerrace/BQTerrace_y0-u8be-1x1080x1920.raw,FramePredictionTask__block_size=16_learning_rate=0.5_use_nn_modes=True_use_unfrequent_hevc_modes=True,FramePredictionTask__block_size=16_learning_rate=0.5_use_nn_modes=True_use_unfrequent_hevc_modes=True,"{'block_size': 16, 'use_nn_modes': True, 'use_unfrequent_hevc_modes': True, 'learning_rate': 0.5}","{0: 129, 1: 581, 2: 23, 3: 12, 4: 24, 5: 12, 6: 16, 7: 20, 8: 16, 9: 18, 10: 142, 11: 625, 12: 24, 13: 40, 14: 17, 15: 12, 16: 21, 17: 12, 18: 16, 19: 21, 20: 28, 21: 39, 22: 42, 23: 57, 24: 75, 25: 41, 26: 17, 27: 32, 28: 80, 29: 264, 30: 231, 31: 64, 32: 27, 33: 27, 34: 31, 35: 2294, 36: 975, 37: 521, 38: 467, 39: 593, 40: 474}",488067966,0.6524509803921569,235.37228298611112,24.413250410814253
./victor_nn_videos_2020sep_split/Y/ClassB/BQTerrace/BQTerrace_y0-u8be-1x1080x1920.raw,FramePredictionTask__block_size=2_learning_rate=0.5_use_nn_modes=False_use_unfrequent_hevc_modes=True,FramePredictionTask__block_size=2_learning_rate=0.5_use_nn_modes=False_use_unfrequent_hevc_modes=True,"{'block_size': 2, 'use_nn_modes': False, 'use_unfrequent_hevc_modes': True, 'learning_rate': 0.5}","{0: 20808, 1: 20589, 2: 26198, 3: 4623, 4: 4291, 5: 4454, 6: 10384, 7: 10270, 8: 24858, 9: 30051, 10: 55903, 11: 34055, 12: 21782, 13: 14965, 14: 8858, 15: 10772, 16: 6826, 17: 7288, 18: 7548, 19: 7707, 20: 9219, 21: 12317, 22: 10510, 23: 10147, 24: 12647, 25: 11020, 26: 12877, 27: 7267, 28: 13115, 29: 16792, 30: 14539, 31: 16524, 32: 11063, 33: 11901, 34: 16232, 35: 0, 36: 0, 37: 0, 38: 0, 39: 0, 40: 0}",97254635,0.0,46.901347897376546,31.418950367886247
./victor_nn_videos_2020sep_split/Y/ClassB/BQTerrace/BQTerrace_y0-u8be-1x1080x1920.raw,FramePredictionTask__block_size=2_learning_rate=0.5_use_nn_modes=True_use_unfrequent_hevc_modes=True,FramePredictionTask__block_size=2_learning_rate=0.5_use_nn_modes=True_use_unfrequent_hevc_modes=True,"{'block_size': 2, 'use_nn_modes': True, 'use_unfrequent_hevc_modes': True, 'learning_rate': 0.5}","{0: 17584, 1: 14365, 2: 19812, 3: 3782, 4: 3665, 5: 3783, 6: 8800, 7: 8620, 8: 21244, 9: 27166, 10: 52493, 11: 31331, 12: 18217, 13: 12168, 14: 7425, 15: 8829, 16: 5834, 17: 6262, 18: 6613, 19: 6763, 20: 8068, 21: 10951, 22: 9473, 23: 9214, 24: 11519, 25: 10053, 26: 11805, 27: 6737, 28: 12124, 29: 15475, 30: 13583, 31: 15062, 32: 9906, 33: 10428, 34: 13810, 35: 12141, 36: 10361, 37: 5832, 38: 12032, 39: 17364, 40: 7706}",86182408,0.12622685185185184,41.561732253086426,31.943867206286143
./victor_nn_videos_2020sep_split/Y/ClassB/BQTerrace/BQTerrace_y0-u8be-1x1080x1920.raw,FramePredictionTask__block_size=32_learning_rate=0.5_use_nn_modes=False_use_unfrequent_hevc_modes=True,FramePredictionTask__block_size=32_learning_rate=0.5_use_nn_modes=False_use_unfrequent_hevc_modes=True,"{'block_size': 32, 'use_nn_modes': False, 'use_unfrequent_hevc_modes': True, 'learning_rate': 0.5}","{0: 313, 1: 479, 2: 18, 3: 8, 4: 10, 5: 4, 6: 10, 7: 13, 8: 12, 9: 35, 10: 282, 11: 266, 12: 21, 13: 19, 14: 10, 15: 8, 16: 6, 17: 10, 18: 13, 19: 6, 20: 13, 21: 10, 22: 13, 23: 21, 24: 49, 25: 23, 26: 23, 27: 28, 28: 29, 29: 116, 30: 91, 31: 32, 32: 12, 33: 10, 34: 27, 35: 0, 36: 0, 37: 0, 38: 0, 39: 0, 40: 0}",1362954926,0.0,657.2892197145062,19.953238514490927
./victor_nn_videos_2020sep_split/Y/ClassB/BQTerrace/BQTerrace_y0-u8be-1x1080x1920.raw,FramePredictionTask__block_size=32_learning_rate=0.5_use_nn_modes=True_use_unfrequent_hevc_modes=True,FramePredictionTask__block_size=32_learning_rate=0.5_use_nn_modes=True_use_unfrequent_hevc_modes=True,"{'block_size': 32, 'use_nn_modes': True, 'use_unfrequent_hevc_modes': True, 'learning_rate': 0.5}","{0: 5, 1: 108, 2: 1, 3: 0, 4: 0, 5: 1, 6: 1, 7: 0, 8: 1, 9: 2, 10: 6, 11: 57, 12: 0, 13: 3, 14: 0, 15: 1, 16: 2, 17: 3, 18: 0, 19: 2, 20: 3, 21: 2, 22: 5, 23: 5, 24: 5, 25: 1, 26: 2, 27: 5, 28: 0, 29: 13, 30: 24, 31: 10, 32: 1, 33: 0, 34: 7, 35: 769, 36: 365, 37: 132, 38: 218, 39: 118, 40: 162}",497350146,0.8647058823529412,239.8486429398148,24.33143095290999
./victor_nn_videos_2020sep_split/Y/ClassB/BQTerrace/BQTerrace_y0-u8be-1x1080x1920.raw,FramePredictionTask__block_size=4_learning_rate=0.5_use_nn_modes=False_use_unfrequent_hevc_modes=True,FramePredictionTask__block_size=4_learning_rate=0.5_use_nn_modes=False_use_unfrequent_hevc_modes=True,"{'block_size': 4, 'use_nn_modes': False, 'use_unfrequent_hevc_modes': True, 'learning_rate': 0.5}","{0: 6494, 1: 8240, 2: 2680, 3: 1687, 4: 1580, 5: 1299, 6: 1710, 7: 1905, 8: 3642, 9: 6003, 10: 18450, 11: 15833, 12: 4360, 13: 2180, 14: 1823, 15: 1398, 16: 1534, 17: 1900, 18: 766, 19: 2307, 20: 1832, 21: 1904, 22: 2512, 23: 2757, 24: 3350, 25: 2277, 26: 2114, 27: 2443, 28: 4513, 29: 5542, 30: 5016, 31: 2849, 32: 1948, 33: 2650, 34: 2102, 35: 0, 36: 0, 37: 0, 38: 0, 39: 0, 40: 0}",222764453,0.0,107.42884500385807,27.819594543269574
./victor_nn_videos_2020sep_split/Y/ClassB/BQTerrace/BQTerrace_y0-u8be-1x1080x1920.raw,FramePredictionTask__block_size=4_learning_rate=0.5_use_nn_modes=True_use_unfrequent_hevc_modes=True,FramePredictionTask__block_size=4_learning_rate=0.5_use_nn_modes=True_use_unfrequent_hevc_modes=True,"{'block_size': 4, 'use_nn_modes': True, 'use_unfrequent_hevc_modes': True, 'learning_rate': 0.5}","{0: 4598, 1: 5102, 2: 1917, 3: 1291, 4: 1225, 5: 1041, 6: 1392, 7: 1536, 8: 2692, 9: 4831, 10: 16820, 11: 14392, 12: 3347, 13: 1772, 14: 1497, 15: 1143, 16: 1243, 17: 1550, 18: 661, 19: 1888, 20: 1576, 21: 1614, 22: 2126, 23: 2309, 24: 2719, 25: 1889, 26: 1858, 27: 2105, 28: 3800, 29: 5064, 30: 4558, 31: 2586, 32: 1679, 33: 2199, 34: 1704, 35: 5920, 36: 2965, 37: 3755, 38: 1554, 39: 5826, 40: 1856}",196908254,0.1687962962962963,94.95961323302471,28.355414237830573
./victor_nn_videos_2020sep_split/Y/ClassB/BQTerrace/BQTerrace_y0-u8be-1x1080x1920.raw,FramePredictionTask__block_size=64_learning_rate=0.5_use_nn_modes=False_use_unfrequent_hevc_modes=True,FramePredictionTask__block_size=64_learning_rate=0.5_use_nn_modes=False_use_unfrequent_hevc_modes=True,"{'block_size': 64, 'use_nn_modes': False, 'use_unfrequent_hevc_modes': True, 'learning_rate': 0.5}","{0: 109, 1: 116, 2: 21, 3: 3, 4: 3, 5: 1, 6: 1, 7: 1, 8: 1, 9: 3, 10: 44, 11: 51, 12: 3, 13: 1, 14: 3, 15: 3, 16: 1, 17: 1, 18: 3, 19: 5, 20: 3, 21: 4, 22: 4, 23: 5, 24: 16, 25: 5, 26: 7, 27: 5, 28: 7, 29: 22, 30: 35, 31: 6, 32: 4, 33: 3, 34: 10, 35: 0, 36: 0, 37: 0, 38: 0, 39: 0, 40: 0}",2173526222,0.0,1048.1897289737653,17.926404610554968
./victor_nn_videos_2020sep_split/Y/ClassB/BQTerrace/BQTerrace_y0-u8be-1x1080x1920.raw,FramePredictionTask__block_size=64_learning_rate=0.5_use_nn_modes=True_use_unfrequent_hevc_modes=True,FramePredictionTask__block_size=64_learning_rate=0.5_use_nn_modes=True_use_unfrequent_hevc_modes=True,"{'block_size': 64, 'use_nn_modes': True, 'use_unfrequent_hevc_modes': True, 'learning_rate': 0.5}","{0: 9, 1: 20, 2: 1, 3: 0, 4: 0, 5: 1, 6: 0, 7: 0, 8: 0, 9: 0, 10: 3, 11: 9, 12: 0, 13: 1, 14: 0, 15: 0, 16: 0, 17: 0, 18: 0, 19: 0, 20: 0, 21: 0, 22: 0, 23: 0, 24: 2, 25: 0, 26: 0, 27: 0, 28: 1, 29: 4, 30: 6, 31: 0, 32: 0, 33: 0, 34: 0, 35: 189, 36: 86, 37: 39, 38: 60, 39: 20, 40: 59}",714883649,0.888235294117647,344.7548461612654,22.75569981172152
./victor_nn_videos_2020sep_split/Y/ClassB/BQTerrace/BQTerrace_y0-u8be-1x1080x1920.raw,FramePredictionTask__block_size=8_learning_rate=0.5_use_nn_modes=False_use_unfrequent_hevc_modes=True,FramePredictionTask__block_size=8_learning_rate=0.5_use_nn_modes=False_use_unfrequent_hevc_modes=True,"{'block_size': 8, 'use_nn_modes': False, 'use_unfrequent_hevc_modes': True, 'learning_rate': 0.5}","{0: 2509, 1: 4529, 2: 448, 3: 377, 4: 265, 5: 239, 6: 302, 7: 360, 8: 402, 9: 1386, 10: 4577, 11: 4946, 12: 448, 13: 461, 14: 344, 15: 205, 16: 202, 17: 215, 18: 117, 19: 250, 20: 280, 21: 320, 22: 485, 23: 542, 24: 711, 25: 702, 26: 296, 27: 811, 28: 991, 29: 1593, 30: 1583, 31: 544, 32: 313, 33: 286, 34: 361, 35: 0, 36: 0, 37: 0, 38: 0, 39: 0, 40: 0}",451897890,0.0,217.9291521990741,24.74765031528705
./victor_nn_videos_2020sep_split/Y/ClassB/BQTerrace/BQTerrace_y0-u8be-1x1080x1920.raw,FramePredictionTask__block_size=8_learning_rate=0.5_use_nn_modes=True_use_unfrequent_hevc_modes=True,FramePredictionTask__block_size=8_learning_rate=0.5_use_nn_modes=True_use_unfrequent_hevc_modes=True,"{'block_size': 8, 'use_nn_modes': True, 'use_unfrequent_hevc_modes': True, 'learning_rate': 0.5}","{0: 1137, 1: 2403, 2: 238, 3: 226, 4: 176, 5: 139, 6: 188, 7: 220, 8: 219, 9: 580, 10: 3239, 11: 3927, 12: 227, 13: 309, 14: 223, 15: 133, 16: 151, 17: 152, 18: 93, 19: 179, 20: 223, 21: 253, 22: 361, 23: 376, 24: 470, 25: 405, 26: 219, 27: 460, 28: 725, 29: 1311, 30: 1369, 31: 416, 32: 238, 33: 193, 34: 206, 35: 3306, 36: 1897, 37: 1772, 38: 519, 39: 2654, 40: 868}",355257010,0.34,171.32378954475308,25.79262688791678
./victor_nn_videos_2020sep_split/Y/ClassB/Kimono/Kimono_y0-u8be-1x1080x1920.raw,FramePredictionTask__block_size=16_learning_rate=0.5_use_nn_modes=False_use_unfrequent_hevc_modes=True,FramePredictionTask__block_size=16_learning_rate=0.5_use_nn_modes=False_use_unfrequent_hevc_modes=True,"{'block_size': 16, 'use_nn_modes': False, 'use_unfrequent_hevc_modes': True, 'learning_rate': 0.5}","{0: 1919, 1: 809, 2: 235, 3: 110, 4: 133, 5: 136, 6: 149, 7: 212, 8: 198, 9: 177, 10: 95, 11: 159, 12: 197, 13: 180, 14: 128, 15: 109, 16: 121, 17: 163, 18: 177, 19: 151, 20: 140, 21: 133, 22: 148, 23: 199, 24: 216, 25: 213, 26: 85, 27: 194, 28: 217, 29: 244, 30: 166, 31: 147, 32: 155, 33: 103, 34: 242, 35: 0, 36: 0, 37: 0, 38: 0, 39: 0, 40: 0}",141642597,0.0,68.30757957175926,29.78611464162185
./victor_nn_videos_2020sep_split/Y/ClassB/Kimono/Kimono_y0-u8be-1x1080x1920.raw,FramePredictionTask__block_size=16_learning_rate=0.5_use_nn_modes=True_use_unfrequent_hevc_modes=True,FramePredictionTask__block_size=16_learning_rate=0.5_use_nn_modes=True_use_unfrequent_hevc_modes=True,"{'block_size': 16, 'use_nn_modes': True, 'use_unfrequent_hevc_modes': True, 'learning_rate': 0.5}","{0: 698, 1: 387, 2: 68, 3: 50, 4: 65, 5: 61, 6: 70, 7: 86, 8: 62, 9: 61, 10: 25, 11: 42, 12: 72, 13: 73, 14: 47, 15: 64, 16: 68, 17: 95, 18: 97, 19: 93, 20: 82, 21: 72, 22: 93, 23: 106, 24: 94, 25: 74, 26: 34, 27: 76, 28: 104, 29: 113, 30: 94, 31: 83, 32: 80, 33: 50, 34: 107, 35: 1250, 36: 1243, 37: 958, 38: 309, 39: 430, 40: 424}",87291724,0.5654411764705882,42.09670331790125,31.8883227422235
./victor_nn_videos_2020sep_split/Y/ClassB/Kimono/Kimono_y0-u8be-1x1080x1920.raw,FramePredictionTask__block_size=2_learning_rate=0.5_use_nn_modes=False_use_unfrequent_hevc_modes=True,FramePredictionTask__block_size=2_learning_rate=0.5_use_nn_modes=False_use_unfrequent_hevc_modes=True,"{'block_size': 2, 'use_nn_modes': False, 'use_unfrequent_hevc_modes': True, 'learning_rate': 0.5}","{0: 39507, 1: 28488, 2: 28504, 3: 6679, 4: 6521, 5: 3160, 6: 14238, 7: 8348, 8: 17177, 9: 9783, 10: 2729, 11: 4699, 12: 15778, 13: 18994, 14: 10257, 15: 13039, 16: 11464, 17: 13802, 18: 8982, 19: 12169, 20: 15132, 21: 14693, 22: 15286, 23: 12980, 24: 20322, 25: 16757, 26: 6285, 27: 5703, 28: 17961, 29: 21962, 30: 14908, 31: 19684, 32: 17761, 33: 21506, 34: 23142, 35: 0, 36: 0, 37: 0, 38: 0, 39: 0, 40: 0}",6216891,0.0,2.998114872685185,43.36232092056268
./victor_nn_videos_2020sep_split/Y/ClassB/Kimono/Kimono_y0-u8be-1x1080x1920.raw,FramePredictionTask__block_size=2_learning_rate=0.5_use_nn_modes=True_use_unfrequent_hevc_modes=True,FramePredictionTask__block_size=2_learning_rate=0.5_use_nn_modes=True_use_unfrequent_hevc_modes=True,"{'block_size': 2, 'use_nn_modes': True, 'use_unfrequent_hevc_modes': True, 'learning_rate': 0.5}","{0: 34862, 1: 22464, 2: 21118, 3: 5607, 4: 5604, 5: 2871, 6: 12189, 7: 7196, 8: 14589, 9: 8645, 10: 2465, 11: 4012, 12: 13300, 13: 16316, 14: 9237, 15: 11463, 16: 10602, 17: 12856, 18: 8670, 19: 11546, 20: 14098, 21: 13829, 22: 14414, 23: 12324, 24: 19291, 25: 15771, 26: 5939, 27: 5524, 28: 17016, 29: 20733, 30: 14117, 31: 18402, 32: 16561, 33: 19615, 34: 20733, 35: 12083, 36: 13385, 37: 2422, 38: 8200, 39: 13199, 40: 5132}",5743194,0.10497878086419753,2.7696730324074075,43.7065185844702
./victor_nn_videos_2020sep_split/Y/ClassB/Kimono/Kimono_y0-u8be-1x1080x1920.raw,FramePredictionTask__block_size=32_learning_rate=0.5_use_nn_modes=False_use_unfrequent_hevc_modes=True,FramePredictionTask__block_size=32_learning_rate=0.5_use_nn_modes=False_use_unfrequent_hevc_modes=True,"{'block_size': 32, 'use_nn_modes': False, 'use_unfrequent_hevc_modes': True, 'learning_rate': 0.5}","{0: 530, 1: 178, 2: 59, 3: 26, 4: 27, 5: 24, 6: 33, 7: 48, 8: 37, 9: 40, 10: 28, 11: 49, 12: 44, 13: 44, 14: 26, 15: 35, 16: 35, 17: 30, 18: 56, 19: 29, 20: 32, 21: 40, 22: 41, 23: 57, 24: 63, 25: 56, 26: 31, 27: 46, 28: 59, 29: 47, 30: 47, 31: 29, 32: 41, 33: 28, 34: 45, 35: 0, 36: 0, 37: 0, 38: 0, 39: 0, 40: 0}",301592726,0.0,145.4440229552469,26.50384482317428
./victor_nn_videos_2020sep_split/Y/ClassB/Kimono/Kimono_y0-u8be-1x1080x1920.raw,FramePredictionTask__block_size=32_learning_rate=0.5_use_nn_modes=True_use_unfrequent_hevc_modes=True,FramePredictionTask__block_size=32_learning_rate=0.5_use_nn_modes=True_use_unfrequent_hevc_modes=True,"{'block_size': 32, 'use_nn_modes': True, 'use_unfrequent_hevc_modes': True, 'learning_rate': 0.5}","{0: 39, 1: 36, 2: 8, 3: 2, 4: 3, 5: 5, 6: 7, 7: 5, 8: 2, 9: 7, 10: 1, 11: 7, 12: 1, 13: 4, 14: 6, 15: 5, 16: 8, 17: 8, 18: 21, 19: 5, 20: 6, 21: 9, 22: 9, 23: 7, 24: 4, 25: 4, 26: 2, 27: 3, 28: 3, 29: 4, 30: 8, 31: 2, 32: 4, 33: 5, 34: 10, 35: 488, 36: 472, 37: 312, 38: 158, 39: 130, 40: 220}",113562006,0.8725490196078431,54.765627893518534,30.74572289603357
./victor_nn_videos_2020sep_split/Y/ClassB/Kimono/Kimono_y0-u8be-1x1080x1920.raw,FramePredictionTask__block_size=4_learning_rate=0.5_use_nn_modes=False_use_unfrequent_hevc_modes=True,FramePredictionTask__block_size=4_learning_rate=0.5_use_nn_modes=False_use_unfrequent_hevc_modes=True,"{'block_size': 4, 'use_nn_modes': False, 'use_unfrequent_hevc_modes': True, 'learning_rate': 0.5}","{0: 16011, 1: 7558, 2: 4101, 3: 2722, 4: 2455, 5: 2553, 6: 3279, 7: 3499, 8: 4027, 9: 2541, 10: 1379, 11: 2233, 12: 3871, 13: 3065, 14: 2866, 15: 2268, 16: 2497, 17: 3415, 18: 1611, 19: 3729, 20: 2602, 21: 2405, 22: 3171, 23: 3537, 24: 4351, 25: 2789, 26: 1810, 27: 2592, 28: 5315, 29: 4743, 30: 4589, 31: 3586, 32: 3548, 33: 4717, 34: 4165, 35: 0, 36: 0, 37: 0, 38: 0, 39: 0, 40: 0}",16386959,0.0,7.9026615547839505,39.15306977946421
./victor_nn_videos_2020sep_split/Y/ClassB/Kimono/Kimono_y0-u8be-1x1080x1920.raw,FramePredictionTask__block_size=4_learning_rate=0.5_use_nn_modes=True_use_unfrequent_hevc_modes=True,FramePredictionTask__block_size=4_learning_rate=0.5_use_nn_modes=True_use_unfrequent_hevc_modes=True,"{'block_size': 4, 'use_nn_modes': True, 'use_unfrequent_hevc_modes': True, 'learning_rate': 0.5}","{0: 12851, 1: 5374, 2: 3136, 3: 2173, 4: 2061, 5: 2188, 6: 2811, 7: 3019, 8: 3360, 9: 2116, 10: 1191, 11: 1836, 12: 3203, 13: 2590, 14: 2434, 15: 1938, 16: 2188, 17: 2966, 18: 1455, 19: 3292, 20: 2326, 21: 2137, 22: 2773, 23: 3056, 24: 3745, 25: 2451, 26: 1562, 27: 2275, 28: 4629, 29: 4122, 30: 4091, 31: 3212, 32: 3143, 33: 4141, 34: 3629, 35: 6621, 36: 3503, 37: 4361, 38: 1281, 39: 2993, 40: 1367}",15102808,0.1552932098765432,7.283375771604938,39.50747643756628
./victor_nn_videos_2020sep_split/Y/ClassB/Kimono/Kimono_y0-u8be-1x1080x1920.raw,FramePredictionTask__block_size=64_learning_rate=0.5_use_nn_modes=False_use_unfrequent_hevc_modes=True,FramePredictionTask__block_size=64_learning_rate=0.5_use_nn_modes=False_use_unfrequent_hevc_modes=True,"{'block_size': 64, 'use_nn_modes': False, 'use_unfrequent_hevc_modes': True, 'learning_rate': 0.5}","{0: 151, 1: 65, 2: 22, 3: 7, 4: 5, 5: 7, 6: 9, 7: 15, 8: 11, 9: 3, 10: 9, 11: 15, 12: 9, 13: 10, 14: 7, 15: 2, 16: 6, 17: 9, 18: 6, 19: 6, 20: 7, 21: 8, 22: 6, 23: 7, 24: 14, 25: 12, 26: 16, 27: 6, 28: 20, 29: 4, 30: 4, 31: 11, 32: 5, 33: 6, 34: 10, 35: 0, 36: 0, 37: 0, 38: 0, 39: 0, 40: 0}",560706142,0.0,270.4022675540123,23.810700316528024
./victor_nn_videos_2020sep_split/Y/ClassB/Kimono/Kimono_y0-u8be-1x1080x1920.raw,FramePredictionTask__block_size=64_learning_rate=0.5_use_nn_modes=True_use_unfrequent_hevc_modes=True,FramePredictionTask__block_size=64_learning_rate=0.5_use_nn_modes=True_use_unfrequent_hevc_modes=True,"{'block_size': 64, 'use_nn_modes': True, 'use_unfrequent_hevc_modes': True, 'learning_rate': 0.5}","{0: 4, 1: 2, 2: 0, 3: 1, 4: 0, 5: 0, 6: 0, 7: 1, 8: 0, 9: 0, 10: 0, 11: 0, 12: 0, 13: 0, 14: 0, 15: 0, 16: 0, 17: 1, 18: 0, 19: 1, 20: 0, 21: 0, 22: 0, 23: 1, 24: 0, 25: 0, 26: 0, 27: 0, 28: 0, 29: 0, 30: 0, 31: 0, 32: 1, 33: 1, 34: 1, 35: 174, 36: 113, 37: 62, 38: 62, 39: 21, 40: 64}",102095537,0.9725490196078432,49.2358878279321,31.207985872872342
./victor_nn_videos_2020sep_split/Y/ClassB/Kimono/Kimono_y0-u8be-1x1080x1920.raw,FramePredictionTask__block_size=8_learning_rate=0.5_use_nn_modes=False_use_unfrequent_hevc_modes=True,FramePredictionTask__block_size=8_learning_rate=0.5_use_nn_modes=False_use_unfrequent_hevc_modes=True,"{'block_size': 8, 'use_nn_modes': False, 'use_unfrequent_hevc_modes': True, 'learning_rate': 0.5}","{0: 6354, 1: 3137, 2: 860, 3: 575, 4: 602, 5: 576, 6: 820, 7: 844, 8: 729, 9: 764, 10: 304, 11: 764, 12: 636, 13: 647, 14: 638, 15: 515, 16: 483, 17: 660, 18: 432, 19: 741, 20: 565, 21: 574, 22: 770, 23: 724, 24: 777, 25: 791, 26: 324, 27: 886, 28: 931, 29: 991, 30: 1037, 31: 790, 32: 639, 33: 635, 34: 885, 35: 0, 36: 0, 37: 0, 38: 0, 39: 0, 40: 0}",49994635,0.0,24.11006703317901,34.30881943020557
./victor_nn_videos_2020sep_split/Y/ClassB/Kimono/Kimono_y0-u8be-1x1080x1920.raw,FramePredictionTask__block_size=8_learning_rate=0.5_use_nn_modes=True_use_unfrequent_hevc_modes=True,FramePredictionTask__block_size=8_learning_rate=0.5_use_nn_modes=True_use_unfrequent_hevc_modes=True,"{'block_size': 8, 'use_nn_modes': True, 'use_unfrequent_hevc_modes': True, 'learning_rate': 0.5}","{0: 3959, 1: 2158, 2: 491, 3: 389, 4: 427, 5: 411, 6: 593, 7: 571, 8: 452, 9: 470, 10: 165, 11: 444, 12: 411, 13: 465, 14: 462, 15: 394, 16: 384, 17: 535, 18: 355, 19: 601, 20: 469, 21: 449, 22: 591, 23: 533, 24: 535, 25: 526, 26: 199, 27: 630, 28: 652, 29: 731, 30: 803, 31: 641, 32: 523, 33: 495, 34: 671, 35: 2540, 36: 2460, 37: 2241, 38: 479, 39: 1292, 40: 803}",41447354,0.3029320987654321,19.988114390432106,35.123085346565325
./victor_nn_videos_2020sep_split/Y/ClassB/ParkScene/ParkScene_y0-u8be-1x1080x1920.raw,FramePredictionTask__block_size=16_learning_rate=0.5_use_nn_modes=False_use_unfrequent_hevc_modes=True,FramePredictionTask__block_size=16_learning_rate=0.5_use_nn_modes=False_use_unfrequent_hevc_modes=True,"{'block_size': 16, 'use_nn_modes': False, 'use_unfrequent_hevc_modes': True, 'learning_rate': 0.5}","{0: 1932, 1: 1967, 2: 170, 3: 126, 4: 76, 5: 89, 6: 98, 7: 132, 8: 145, 9: 177, 10: 167, 11: 195, 12: 159, 13: 162, 14: 89, 15: 81, 16: 86, 17: 98, 18: 91, 19: 88, 20: 70, 21: 68, 22: 83, 23: 118, 24: 154, 25: 263, 26: 174, 27: 369, 28: 161, 29: 137, 30: 92, 31: 85, 32: 77, 33: 77, 34: 104, 35: 0, 36: 0, 37: 0, 38: 0, 39: 0, 40: 0}",298184087,0.0,143.80019627700614,26.553208820396662
./victor_nn_videos_2020sep_split/Y/ClassB/ParkScene/ParkScene_y0-u8be-1x1080x1920.raw,FramePredictionTask__block_size=16_learning_rate=0.5_use_nn_modes=True_use_unfrequent_hevc_modes=True,FramePredictionTask__block_size=16_learning_rate=0.5_use_nn_modes=True_use_unfrequent_hevc_modes=True,"{'block_size': 16, 'use_nn_modes': True, 'use_unfrequent_hevc_modes': True, 'learning_rate': 0.5}","{0: 587, 1: 687, 2: 39, 3: 41, 4: 20, 5: 33, 6: 40, 7: 49, 8: 53, 9: 52, 10: 35, 11: 46, 12: 57, 13: 83, 14: 46, 15: 46, 16: 46, 17: 57, 18: 55, 19: 51, 20: 35, 21: 30, 22: 35, 23: 41, 24: 48, 25: 74, 26: 45, 27: 75, 28: 53, 29: 57, 30: 36, 31: 30, 32: 32, 33: 27, 34: 41, 35: 1011, 36: 1628, 37: 781, 38: 496, 39: 595, 40: 867}",222682824,0.6590686274509804,107.38947916666666,27.821186247899533
./victor_nn_videos_2020sep_split/Y/ClassB/ParkScene/ParkScene_y0-u8be-1x1080x1920.raw,FramePredictionTask__block_size=2_learning_rate=0.5_use_nn_modes=False_use_unfrequent_hevc_modes=True,FramePredictionTask__block_size=2_learning_rate=0.5_use_nn_modes=False_use_unfrequent_hevc_modes=True,"{'block_size': 2, 'use_nn_modes': False, 'use_unfrequent_hevc_modes': True, 'learning_rate': 0.5}","{0: 32259, 1: 27730, 2: 28123, 3: 5986, 4: 5770, 5: 4392, 6: 11289, 7: 8069, 8: 14178, 9: 9648, 10: 5449, 11: 6292, 12: 14473, 13: 16779, 14: 10477, 15: 13682, 16: 11036, 17: 13278, 18: 10569, 19: 12848, 20: 14320, 21: 17001, 22: 14996, 23: 14742, 24: 21687, 25: 20918, 26: 18628, 27: 9912, 28: 18592, 29: 19785, 30: 13810, 31: 18643, 32: 14646, 33: 17121, 34: 21272, 35: 0, 36: 0, 37: 0, 38: 0, 39: 0, 40: 0}",36254848,0.0,17.484012345679012,35.70439256389441
./victor_nn_videos_2020sep_split/Y/ClassB/ParkScene/ParkScene_y0-u8be-1x1080x1920.raw,FramePredictionTask__block_size=2_learning_rate=0.5_use_nn_modes=True_use_unfrequent_hevc_modes=True,FramePredictionTask__block_size=2_learning_rate=0.5_use_nn_modes=True_use_unfrequent_hevc_modes=True,"{'block_size': 2, 'use_nn_modes': True, 'use_unfrequent_hevc_modes': True, 'learning_rate': 0.5}","{0: 27691, 1: 20107, 2: 21018, 3: 4942, 4: 4875, 5: 3853, 6: 9753, 7: 6950, 8: 12032, 9: 8317, 10: 4723, 11: 5292, 12: 12253, 13: 14286, 14: 9103, 15: 11791, 16: 9761, 17: 11827, 18: 9755, 19: 11795, 20: 13021, 21: 15411, 22: 13862, 23: 13768, 24: 20228, 25: 19339, 26: 17310, 27: 9452, 28: 17437, 29: 18400, 30: 12813, 31: 16985, 32: 13249, 33: 15162, 34: 18275, 35: 11187, 36: 12800, 37: 2814, 38: 14606, 39: 15147, 40: 7010}",33489578,0.12261574074074075,16.15045235339506,36.048956700006585
./victor_nn_videos_2020sep_split/Y/ClassB/ParkScene/ParkScene_y0-u8be-1x1080x1920.raw,FramePredictionTask__block_size=32_learning_rate=0.5_use_nn_modes=False_use_unfrequent_hevc_modes=True,FramePredictionTask__block_size=32_learning_rate=0.5_use_nn_modes=False_use_unfrequent_hevc_modes=True,"{'block_size': 32, 'use_nn_modes': False, 'use_unfrequent_hevc_modes': True, 'learning_rate': 0.5}","{0: 531, 1: 571, 2: 39, 3: 14, 4: 18, 5: 18, 6: 12, 7: 27, 8: 28, 9: 35, 10: 64, 11: 57, 12: 37, 13: 41, 14: 17, 15: 16, 16: 29, 17: 12, 18: 43, 19: 19, 20: 12, 21: 16, 22: 17, 23: 13, 24: 32, 25: 57, 26: 48, 27: 82, 28: 21, 29: 13, 30: 25, 31: 24, 32: 16, 33: 16, 34: 20, 35: 0, 36: 0, 37: 0, 38: 0, 39: 0, 40: 0}",440817975,0.0,212.5858289930556,24.85546049858623
./victor_nn_videos_2020sep_split/Y/ClassB/ParkScene/ParkScene_y0-u8be-1x1080x1920.raw,FramePredictionTask__block_size=32_learning_rate=0.5_use_nn_modes=True_use_unfrequent_hevc_modes=True,FramePredictionTask__block_size=32_learning_rate=0.5_use_nn_modes=True_use_unfrequent_hevc_modes=True,"{'block_size': 32, 'use_nn_modes': True, 'use_unfrequent_hevc_modes': True, 'learning_rate': 0.5}","{0: 43, 1: 76, 2: 2, 3: 1, 4: 1, 5: 2, 6: 2, 7: 5, 8: 5, 9: 3, 10: 1, 11: 3, 12: 5, 13: 13, 14: 4, 15: 6, 16: 11, 17: 6, 18: 15, 19: 4, 20: 3, 21: 4, 22: 1, 23: 1, 24: 0, 25: 0, 26: 4, 27: 4, 28: 1, 29: 1, 30: 1, 31: 2, 32: 0, 33: 3, 34: 3, 35: 450, 36: 489, 37: 227, 38: 205, 39: 125, 40: 308}",240394060,0.8843137254901959,115.93077739197531,27.488816127638717
./victor_nn_videos_2020sep_split/Y/ClassB/ParkScene/ParkScene_y0-u8be-1x1080x1920.raw,FramePredictionTask__block_size=4_learning_rate=0.5_use_nn_modes=False_use_unfrequent_hevc_modes=True,FramePredictionTask__block_size=4_learning_rate=0.5_use_nn_modes=False_use_unfrequent_hevc_modes=True,"{'block_size': 4, 'use_nn_modes': False, 'use_unfrequent_hevc_modes': True, 'learning_rate': 0.5}","{0: 13812, 1: 10686, 2: 4142, 3: 2718, 4: 2181, 5: 2118, 6: 2606, 7: 2676, 8: 3328, 9: 2421, 10: 1721, 11: 2423, 12: 3623, 13: 2911, 14: 2666, 15: 2089, 16: 2401, 17: 3394, 18: 1513, 19: 3866, 20: 2601, 21: 2529, 22: 3275, 23: 3783, 24: 5251, 25: 4438, 26: 4365, 27: 4319, 28: 5579, 29: 4083, 30: 3625, 31: 2697, 32: 2769, 33: 3909, 34: 3082, 35: 0, 36: 0, 37: 0, 38: 0, 39: 0, 40: 0}",88451155,0.0,42.655842496141965,31.831018367346395
./victor_nn_videos_2020sep_split/Y/ClassB/ParkScene/ParkScene_y0-u8be-1x1080x1920.raw,FramePredictionTask__block_size=4_learning_rate=0.5_use_nn_modes=True_use_unfrequent_hevc_modes=True,FramePredictionTask__block_size=4_learning_rate=0.5_use_nn_modes=True_use_unfrequent_hevc_modes=True,"{'block_size': 4, 'use_nn_modes': True, 'use_unfrequent_hevc_modes': True, 'learning_rate': 0.5}","{0: 10433, 1: 6579, 2: 3140, 3: 2176, 4: 1811, 5: 1798, 6: 2192, 7: 2277, 8: 2703, 9: 1959, 10: 1356, 11: 1937, 12: 2998, 13: 2410, 14: 2235, 15: 1754, 16: 2033, 17: 2792, 18: 1330, 19: 3195, 20: 2173, 21: 2158, 22: 2644, 23: 3150, 24: 4372, 25: 3836, 26: 3834, 27: 3812, 28: 4707, 29: 3556, 30: 3127, 31: 2343, 32: 2415, 33: 3258, 34: 2602, 35: 6158, 36: 5281, 37: 4247, 38: 2322, 39: 4333, 40: 2164}",82305158,0.1890817901234568,39.69191647376543,32.14378292097126
./victor_nn_videos_2020sep_split/Y/ClassB/ParkScene/ParkScene_y0-u8be-1x1080x1920.raw,FramePredictionTask__block_size=64_learning_rate=0.5_use_nn_modes=False_use_unfrequent_hevc_modes=True,FramePredictionTask__block_size=64_learning_rate=0.5_use_nn_modes=False_use_unfrequent_hevc_modes=True,"{'block_size': 64, 'use_nn_modes': False, 'use_unfrequent_hevc_modes': True, 'learning_rate': 0.5}","{0: 134, 1: 143, 2: 12, 3: 3, 4: 3, 5: 1, 6: 4, 7: 4, 8: 4, 9: 14, 10: 21, 11: 11, 12: 9, 13: 14, 14: 4, 15: 1, 16: 6, 17: 6, 18: 11, 19: 4, 20: 4, 21: 4, 22: 2, 23: 1, 24: 2, 25: 22, 26: 11, 27: 19, 28: 8, 29: 3, 30: 3, 31: 6, 32: 1, 33: 5, 34: 10, 35: 0, 36: 0, 37: 0, 38: 0, 39: 0, 40: 0}",643711948,0.0,310.43207368827166,23.21113774872561
./victor_nn_videos_2020sep_split/Y/ClassB/ParkScene/ParkScene_y0-u8be-1x1080x1920.raw,FramePredictionTask__block_size=64_learning_rate=0.5_use_nn_modes=True_use_unfrequent_hevc_modes=True,FramePredictionTask__block_size=64_learning_rate=0.5_use_nn_modes=True_use_unfrequent_hevc_modes=True,"{'block_size': 64, 'use_nn_modes': True, 'use_unfrequent_hevc_modes': True, 'learning_rate': 0.5}","{0: 2, 1: 5, 2: 0, 3: 0, 4: 1, 5: 0, 6: 0, 7: 0, 8: 0, 9: 0, 10: 0, 11: 0, 12: 0, 13: 0, 14: 0, 15: 0, 16: 0, 17: 0, 18: 2, 19: 1, 20: 0, 21: 0, 22: 0, 23: 0, 24: 0, 25: 0, 26: 0, 27: 0, 28: 0, 29: 0, 30: 0, 31: 0, 32: 0, 33: 0, 34: 0, 35: 169, 36: 96, 37: 30, 38: 70, 39: 18, 40: 116}",209332210,0.9784313725490196,100.9511043595679,28.089692865764352
./victor_nn_videos_2020sep_split/Y/ClassB/ParkScene/ParkScene_y0-u8be-1x1080x1920.raw,FramePredictionTask__block_size=8_learning_rate=0.5_use_nn_modes=False_use_unfrequent_hevc_modes=True,FramePredictionTask__block_size=8_learning_rate=0.5_use_nn_modes=False_use_unfrequent_hevc_modes=True,"{'block_size': 8, 'use_nn_modes': False, 'use_unfrequent_hevc_modes': True, 'learning_rate': 0.5}","{0: 5593, 1: 5503, 2: 836, 3: 678, 4: 520, 5: 465, 6: 592, 7: 608, 8: 570, 9: 843, 10: 374, 11: 886, 12: 582, 13: 590, 14: 642, 15: 467, 16: 417, 17: 477, 18: 296, 19: 524, 20: 415, 21: 468, 22: 639, 23: 643, 24: 788, 25: 1376, 26: 768, 27: 1618, 28: 793, 29: 778, 30: 727, 31: 496, 32: 413, 33: 478, 34: 537, 35: 0, 36: 0, 37: 0, 38: 0, 39: 0, 40: 0}",176121653,0.0,84.93521074459878,28.839925921557175
./victor_nn_videos_2020sep_split/Y/ClassB/ParkScene/ParkScene_y0-u8be-1x1080x1920.raw,FramePredictionTask__block_size=8_learning_rate=0.5_use_nn_modes=True_use_unfrequent_hevc_modes=True,FramePredictionTask__block_size=8_learning_rate=0.5_use_nn_modes=True_use_unfrequent_hevc_modes=True,"{'block_size': 8, 'use_nn_modes': True, 'use_unfrequent_hevc_modes': True, 'learning_rate': 0.5}","{0: 3166, 1: 2897, 2: 491, 3: 424, 4: 352, 5: 319, 6: 405, 7: 434, 8: 379, 9: 460, 10: 193, 11: 514, 12: 399, 13: 404, 14: 454, 15: 324, 16: 288, 17: 375, 18: 250, 19: 353, 20: 298, 21: 337, 22: 433, 23: 414, 24: 513, 25: 868, 26: 510, 27: 999, 28: 532, 29: 554, 30: 515, 31: 342, 32: 297, 33: 347, 34: 383, 35: 2528, 36: 3265, 37: 2149, 38: 1039, 39: 1664, 40: 1532}",155333496,0.37583333333333335,74.91005787037038,29.38540228290656
./victor_nn_videos_2020sep_split/Y/ClassB/ParkScene/ParkScene_y0-u8be-1x1080x1920.raw,FramePredictionTask__block_size=16_learning_rate=0.5_use_nn_modes=True_use_unfrequent_hevc_modes=False,FramePredictionTask__block_size=16_learning_rate=0.5_use_nn_modes=True_use_unfrequent_hevc_modes=False,"{'block_size': 16, 'use_nn_modes': True, 'use_unfrequent_hevc_modes': False, 'learning_rate': 0.5}","{0: 596, 1: 695, 2: 88, 3: 0, 4: 0, 5: 0, 6: 0, 7: 79, 8: 72, 9: 0, 10: 50, 11: 53, 12: 59, 13: 83, 14: 46, 15: 46, 16: 46, 17: 57, 18: 55, 19: 51, 20: 35, 21: 30, 22: 35, 23: 41, 24: 48, 25: 74, 26: 45, 27: 75, 28: 53, 29: 57, 30: 37, 31: 32, 32: 41, 33: 0, 34: 53, 35: 1023, 36: 1646, 37: 783, 38: 498, 39: 607, 40: 871}",223213556,0.6651960784313725,107.6454263117284,27.81084778819651
./victor_nn_videos_2020sep_split/Y/ClassB/ParkScene/ParkScene_y0-u8be-1x1080x1920.raw,FramePredictionTask__block_size=32_learning_rate=0.5_use_nn_modes=True_use_unfrequent_hevc_modes=False,FramePredictionTask__block_size=32_learning_rate=0.5_use_nn_modes=True_use_unfrequent_hevc_modes=False,"{'block_size': 32, 'use_nn_modes': True, 'use_unfrequent_hevc_modes': False, 'learning_rate': 0.5}","{0: 43, 1: 77, 2: 3, 3: 0, 4: 0, 5: 0, 6: 0, 7: 0, 8: 0, 9: 5, 10: 1, 11: 3, 12: 5, 13: 13, 14: 4, 15: 6, 16: 11, 17: 6, 18: 15, 19: 4, 20: 3, 21: 4, 22: 1, 23: 1, 24: 0, 25: 0, 26: 4, 27: 4, 28: 1, 29: 1, 30: 1, 31: 2, 32: 0, 33: 3, 34: 3, 35: 456, 36: 490, 37: 229, 38: 206, 39: 126, 40: 309}",240733655,0.8901960784313725,116.094548128858,27.482685353855533
./victor_nn_videos_2020sep_split/Y/ClassB/ParkScene/ParkScene_y0-u8be-1x1080x1920.raw,FramePredictionTask__block_size=64_learning_rate=0.5_use_nn_modes=True_use_unfrequent_hevc_modes=False,FramePredictionTask__block_size=64_learning_rate=0.5_use_nn_modes=True_use_unfrequent_hevc_modes=False,"{'block_size': 64, 'use_nn_modes': True, 'use_unfrequent_hevc_modes': False, 'learning_rate': 0.5}","{0: 2, 1: 5, 2: 0, 3: 0, 4: 0, 5: 0, 6: 1, 7: 0, 8: 0, 9: 0, 10: 0, 11: 0, 12: 0, 13: 0, 14: 0, 15: 0, 16: 0, 17: 0, 18: 2, 19: 1, 20: 0, 21: 0, 22: 0, 23: 0, 24: 0, 25: 0, 26: 0, 27: 0, 28: 0, 29: 0, 30: 0, 31: 0, 32: 0, 33: 0, 34: 0, 35: 169, 36: 96, 37: 30, 38: 70, 39: 18, 40: 116}",209337065,0.9784313725490196,100.95344569830247,28.089592141883443
./victor_nn_videos_2020sep_split/Y/ClassB/ParkScene/ParkScene_y0-u8be-1x1080x1920.raw,FramePredictionTask__block_size=8_learning_rate=0.5_use_nn_modes=True_use_unfrequent_hevc_modes=False,FramePredictionTask__block_size=8_learning_rate=0.5_use_nn_modes=True_use_unfrequent_hevc_modes=False,"{'block_size': 8, 'use_nn_modes': True, 'use_unfrequent_hevc_modes': False, 'learning_rate': 0.5}","{0: 3262, 1: 2996, 2: 968, 3: 0, 4: 0, 5: 0, 6: 710, 7: 452, 8: 391, 9: 475, 10: 196, 11: 519, 12: 407, 13: 410, 14: 456, 15: 326, 16: 291, 17: 379, 18: 258, 19: 563, 20: 0, 21: 0, 22: 669, 23: 423, 24: 516, 25: 877, 26: 514, 27: 1005, 28: 538, 29: 559, 30: 524, 31: 358, 32: 412, 33: 0, 34: 538, 35: 2570, 36: 3330, 37: 2194, 38: 1055, 39: 1707, 40: 1552}",156717148,0.38296296296296295,75.57732831790123,29.346888254607855
./victor_nn_videos_2020sep_split/Y/ClassB/Kimono/Kimono_y0-u8be-1x1080x1920.raw,FramePredictionTask__block_size=16_learning_rate=0.5_use_nn_modes=True_use_unfrequent_hevc_modes=False,FramePredictionTask__block_size=16_learning_rate=0.5_use_nn_modes=True_use_unfrequent_hevc_modes=False,"{'block_size': 16, 'use_nn_modes': True, 'use_unfrequent_hevc_modes': False, 'learning_rate': 0.5}","{0: 712, 1: 388, 2: 162, 3: 0, 4: 0, 5: 0, 6: 0, 7: 157, 8: 79, 9: 0, 10: 57, 11: 47, 12: 73, 13: 73, 14: 48, 15: 64, 16: 68, 17: 95, 18: 97, 19: 93, 20: 82, 21: 73, 22: 93, 23: 106, 24: 94, 25: 74, 26: 34, 27: 76, 28: 104, 29: 113, 30: 95, 31: 83, 32: 104, 33: 0, 34: 134, 35: 1269, 36: 1259, 37: 978, 38: 309, 39: 442, 40: 425}",88376116,0.5737745098039215,42.619654706790115,31.83470434014907
./victor_nn_videos_2020sep_split/Y/ClassB/Kimono/Kimono_y0-u8be-1x1080x1920.raw,FramePredictionTask__block_size=32_learning_rate=0.5_use_nn_modes=True_use_unfrequent_hevc_modes=False,FramePredictionTask__block_size=32_learning_rate=0.5_use_nn_modes=True_use_unfrequent_hevc_modes=False,"{'block_size': 32, 'use_nn_modes': True, 'use_unfrequent_hevc_modes': False, 'learning_rate': 0.5}","{0: 40, 1: 36, 2: 15, 3: 0, 4: 0, 5: 0, 6: 0, 7: 0, 8: 0, 9: 8, 10: 1, 11: 7, 12: 1, 13: 4, 14: 6, 15: 5, 16: 8, 17: 8, 18: 21, 19: 5, 20: 6, 21: 9, 22: 9, 23: 7, 24: 4, 25: 4, 26: 2, 27: 3, 28: 3, 29: 4, 30: 8, 31: 2, 32: 4, 33: 5, 34: 10, 35: 494, 36: 474, 37: 319, 38: 158, 39: 130, 40: 220}",113968504,0.8799019607843137,54.961662808641975,30.730204974842906
./victor_nn_videos_2020sep_split/Y/ClassB/Kimono/Kimono_y0-u8be-1x1080x1920.raw,FramePredictionTask__block_size=64_learning_rate=0.5_use_nn_modes=True_use_unfrequent_hevc_modes=False,FramePredictionTask__block_size=64_learning_rate=0.5_use_nn_modes=True_use_unfrequent_hevc_modes=False,"{'block_size': 64, 'use_nn_modes': True, 'use_unfrequent_hevc_modes': False, 'learning_rate': 0.5}","{0: 4, 1: 2, 2: 0, 3: 0, 4: 0, 5: 0, 6: 0, 7: 1, 8: 0, 9: 0, 10: 0, 11: 0, 12: 0, 13: 0, 14: 0, 15: 0, 16: 0, 17: 1, 18: 0, 19: 1, 20: 0, 21: 0, 22: 0, 23: 1, 24: 0, 25: 0, 26: 0, 27: 0, 28: 0, 29: 0, 30: 0, 31: 0, 32: 1, 33: 1, 34: 1, 35: 174, 36: 113, 37: 63, 38: 62, 39: 21, 40: 64}",102124614,0.9745098039215686,49.24991030092593,31.206749170159725
./victor_nn_videos_2020sep_split/Y/ClassB/Kimono/Kimono_y0-u8be-1x1080x1920.raw,FramePredictionTask__block_size=8_learning_rate=0.5_use_nn_modes=True_use_unfrequent_hevc_modes=False,FramePredictionTask__block_size=8_learning_rate=0.5_use_nn_modes=True_use_unfrequent_hevc_modes=False,"{'block_size': 8, 'use_nn_modes': True, 'use_unfrequent_hevc_modes': False, 'learning_rate': 0.5}","{0: 4066, 1: 2229, 2: 1030, 3: 0, 4: 0, 5: 0, 6: 1015, 7: 587, 8: 457, 9: 475, 10: 166, 11: 450, 12: 413, 13: 466, 14: 462, 15: 395, 16: 387, 17: 540, 18: 366, 19: 969, 20: 0, 21: 0, 22: 942, 23: 542, 24: 538, 25: 530, 26: 203, 27: 633, 28: 653, 29: 736, 30: 807, 31: 657, 32: 738, 33: 0, 34: 932, 35: 2596, 36: 2516, 37: 2289, 38: 483, 39: 1313, 40: 819}",42107994,0.3091358024691358,20.30671006944445,35.054407926783234
./victor_nn_videos_2020sep_split/Y/ClassB/BQTerrace/BQTerrace_y0-u8be-1x1080x1920.raw,FramePredictionTask__block_size=16_learning_rate=0.5_use_nn_modes=True_use_unfrequent_hevc_modes=False,FramePredictionTask__block_size=16_learning_rate=0.5_use_nn_modes=True_use_unfrequent_hevc_modes=False,"{'block_size': 16, 'use_nn_modes': True, 'use_unfrequent_hevc_modes': False, 'learning_rate': 0.5}","{0: 133, 1: 588, 2: 40, 3: 0, 4: 0, 5: 0, 6: 0, 7: 31, 8: 20, 9: 0, 10: 150, 11: 626, 12: 24, 13: 40, 14: 17, 15: 12, 16: 21, 17: 12, 18: 16, 19: 21, 20: 28, 21: 39, 22: 42, 23: 57, 24: 75, 25: 41, 26: 17, 27: 32, 28: 80, 29: 264, 30: 231, 31: 64, 32: 38, 33: 0, 34: 42, 35: 2305, 36: 983, 37: 525, 38: 470, 39: 602, 40: 474}",490643561,0.6567401960784314,236.6143716242284,24.39039241338704
./victor_nn_videos_2020sep_split/Y/ClassB/BQTerrace/BQTerrace_y0-u8be-1x1080x1920.raw,FramePredictionTask__block_size=32_learning_rate=0.5_use_nn_modes=True_use_unfrequent_hevc_modes=False,FramePredictionTask__block_size=32_learning_rate=0.5_use_nn_modes=True_use_unfrequent_hevc_modes=False,"{'block_size': 32, 'use_nn_modes': True, 'use_unfrequent_hevc_modes': False, 'learning_rate': 0.5}","{0: 5, 1: 108, 2: 1, 3: 0, 4: 0, 5: 0, 6: 0, 7: 0, 8: 0, 9: 3, 10: 6, 11: 57, 12: 0, 13: 3, 14: 0, 15: 1, 16: 2, 17: 3, 18: 0, 19: 2, 20: 3, 21: 2, 22: 5, 23: 5, 24: 5, 25: 1, 26: 2, 27: 5, 28: 0, 29: 13, 30: 24, 31: 10, 32: 1, 33: 0, 34: 7, 35: 771, 36: 365, 37: 132, 38: 218, 39: 118, 40: 162}",497406617,0.8656862745098041,239.875876253858,24.330937866667682
./victor_nn_videos_2020sep_split/Y/ClassB/BQTerrace/BQTerrace_y0-u8be-1x1080x1920.raw,FramePredictionTask__block_size=64_learning_rate=0.5_use_nn_modes=True_use_unfrequent_hevc_modes=False,FramePredictionTask__block_size=64_learning_rate=0.5_use_nn_modes=True_use_unfrequent_hevc_modes=False,"{'block_size': 64, 'use_nn_modes': True, 'use_unfrequent_hevc_modes': False, 'learning_rate': 0.5}","{0: 9, 1: 20, 2: 1, 3: 0, 4: 0, 5: 0, 6: 1, 7: 0, 8: 0, 9: 0, 10: 3, 11: 9, 12: 0, 13: 1, 14: 0, 15: 0, 16: 0, 17: 0, 18: 0, 19: 0, 20: 0, 21: 0, 22: 0, 23: 0, 24: 2, 25: 0, 26: 0, 27: 0, 28: 1, 29: 4, 30: 6, 31: 0, 32: 0, 33: 0, 34: 0, 35: 189, 36: 86, 37: 39, 38: 60, 39: 20, 40: 59}",716091193,0.888235294117647,345.3371879822531,22.748370125622987
./victor_nn_videos_2020sep_split/Y/ClassB/BQTerrace/BQTerrace_y0-u8be-1x1080x1920.raw,FramePredictionTask__block_size=8_learning_rate=0.5_use_nn_modes=True_use_unfrequent_hevc_modes=False,FramePredictionTask__block_size=8_learning_rate=0.5_use_nn_modes=True_use_unfrequent_hevc_modes=False,"{'block_size': 8, 'use_nn_modes': True, 'use_unfrequent_hevc_modes': False, 'learning_rate': 0.5}","{0: 1188, 1: 2500, 2: 450, 3: 0, 4: 0, 5: 0, 6: 313, 7: 228, 8: 223, 9: 590, 10: 3242, 11: 3932, 12: 231, 13: 313, 14: 224, 15: 133, 16: 153, 17: 157, 18: 94, 19: 328, 20: 0, 21: 0, 22: 528, 23: 384, 24: 474, 25: 410, 26: 220, 27: 464, 28: 729, 29: 1321, 30: 1378, 31: 425, 32: 316, 33: 0, 34: 286, 35: 3338, 36: 1934, 37: 1792, 38: 531, 39: 2687, 40: 884}",360135285,0.3446296296296296,173.6763527199074,25.73339670701661
./victor_nn_videos_2020sep_split/Y/ClassA/PeopleOnStreet/PeopleOnStreet_y0-u8be-1x1600x2560.raw,FramePredictionTask__block_size=16_learning_rate=0.5_use_nn_modes=True_use_unfrequent_hevc_modes=False,FramePredictionTask__block_size=16_learning_rate=0.5_use_nn_modes=True_use_unfrequent_hevc_modes=False,"{'block_size': 16, 'use_nn_modes': True, 'use_unfrequent_hevc_modes': False, 'learning_rate': 0.5}","{0: 873, 1: 667, 2: 309, 3: 0, 4: 0, 5: 0, 6: 0, 7: 212, 8: 189, 9: 0, 10: 110, 11: 138, 12: 206, 13: 177, 14: 118, 15: 99, 16: 68, 17: 62, 18: 78, 19: 81, 20: 69, 21: 50, 22: 239, 23: 108, 24: 67, 25: 83, 26: 273, 27: 459, 28: 206, 29: 502, 30: 732, 31: 392, 32: 248, 33: 0, 34: 158, 35: 2277, 36: 2381, 37: 1143, 38: 895, 39: 1271, 40: 1060}",780815569,0.5641875,190.62880102539063,25.328918445159612
./victor_nn_videos_2020sep_split/Y/ClassA/PeopleOnStreet/PeopleOnStreet_y0-u8be-1x1600x2560.raw,FramePredictionTask__block_size=32_learning_rate=0.5_use_nn_modes=True_use_unfrequent_hevc_modes=False,FramePredictionTask__block_size=32_learning_rate=0.5_use_nn_modes=True_use_unfrequent_hevc_modes=False,"{'block_size': 32, 'use_nn_modes': True, 'use_unfrequent_hevc_modes': False, 'learning_rate': 0.5}","{0: 31, 1: 44, 2: 13, 3: 0, 4: 0, 5: 0, 6: 0, 7: 0, 8: 0, 9: 7, 10: 0, 11: 5, 12: 9, 13: 13, 14: 6, 15: 5, 16: 4, 17: 2, 18: 3, 19: 4, 20: 5, 21: 2, 22: 40, 23: 3, 24: 1, 25: 2, 26: 35, 27: 87, 28: 14, 29: 43, 30: 56, 31: 39, 32: 8, 33: 5, 34: 2, 35: 919, 36: 943, 37: 449, 38: 412, 39: 319, 40: 470}",831889773,0.878,203.09808911132814,25.053745235896912
./victor_nn_videos_2020sep_split/Y/ClassA/PeopleOnStreet/PeopleOnStreet_y0-u8be-1x1600x2560.raw,FramePredictionTask__block_size=64_learning_rate=0.5_use_nn_modes=True_use_unfrequent_hevc_modes=False,FramePredictionTask__block_size=64_learning_rate=0.5_use_nn_modes=True_use_unfrequent_hevc_modes=False,"{'block_size': 64, 'use_nn_modes': True, 'use_unfrequent_hevc_modes': False, 'learning_rate': 0.5}","{0: 3, 1: 2, 2: 0, 3: 0, 4: 0, 5: 0, 6: 0, 7: 0, 8: 0, 9: 0, 10: 0, 11: 0, 12: 0, 13: 0, 14: 0, 15: 1, 16: 0, 17: 0, 18: 1, 19: 0, 20: 0, 21: 0, 22: 8, 23: 0, 24: 0, 25: 1, 26: 4, 27: 19, 28: 1, 29: 0, 30: 1, 31: 0, 32: 1, 33: 0, 34: 0, 35: 268, 36: 227, 37: 138, 38: 102, 39: 79, 40: 144}",892698246,0.958,217.94390771484376,24.74735627375669
./victor_nn_videos_2020sep_split/Y/ClassA/PeopleOnStreet/PeopleOnStreet_y0-u8be-1x1600x2560.raw,FramePredictionTask__block_size=8_learning_rate=0.5_use_nn_modes=True_use_unfrequent_hevc_modes=False,FramePredictionTask__block_size=8_learning_rate=0.5_use_nn_modes=True_use_unfrequent_hevc_modes=False,"{'block_size': 8, 'use_nn_modes': True, 'use_unfrequent_hevc_modes': False, 'learning_rate': 0.5}","{0: 6288, 1: 3212, 2: 2197, 3: 0, 4: 0, 5: 0, 6: 1701, 7: 1158, 8: 1267, 9: 1119, 10: 697, 11: 1248, 12: 1508, 13: 1424, 14: 1131, 15: 786, 16: 708, 17: 702, 18: 589, 19: 1179, 20: 0, 21: 0, 22: 1828, 23: 845, 24: 772, 25: 821, 26: 1230, 27: 1969, 28: 1421, 29: 2107, 30: 2966, 31: 1996, 32: 1622, 33: 0, 34: 1615, 35: 4402, 36: 4962, 37: 2604, 38: 942, 39: 3414, 40: 1570}",437805181,0.27959375,106.88603051757812,27.84159412119083
./victor_nn_videos_2020sep_split/Y/ClassA/Traffic/Traffic_y0-u8be-1x1600x2560.raw,FramePredictionTask__block_size=16_learning_rate=0.5_use_nn_modes=True_use_unfrequent_hevc_modes=False,FramePredictionTask__block_size=16_learning_rate=0.5_use_nn_modes=True_use_unfrequent_hevc_modes=False,"{'block_size': 16, 'use_nn_modes': True, 'use_unfrequent_hevc_modes': False, 'learning_rate': 0.5}","{0.0: 906.0, 1.0: 406.0, 2.0: 329.0, 3.0: 0.0, 4.0: 0.0, 5.0: 0.0, 6.0: 0.0, 7.0: 118.0, 8.0: 107.0, 9.0: 0.0, 10.0: 193.0, 11.0: 75.0, 12.0: 54.0, 13.0: 61.0, 14.0: 47.0, 15.0: 39.0, 16.0: 51.0, 17.0: 68.0, 18.0: 58.0, 19.0: 77.0, 20.0: 60.0, 21.0: 72.0, 22.0: 76.0, 23.0: 75.0, 24.0: 140.0, 25.0: 436.0, 26.0: 399.0, 27.0: 324.0, 28.0: 291.0, 29.0: 391.0, 30.0: 445.0, 31.0: 344.0, 32.0: 398.0, 33.0: 0.0, 34.0: 193.0, 35.0: 1923.0, 36.0: 3288.0, 37.0: 1223.0, 38.0: 764.0, 39.0: 899.0, 40.0: 1670.0}",482754979,0.6104375,117.86010229492187,27.417135471691843
./victor_nn_videos_2020sep_split/Y/ClassA/Traffic/Traffic_y0-u8be-1x1600x2560.raw,FramePredictionTask__block_size=32_learning_rate=0.5_use_nn_modes=True_use_unfrequent_hevc_modes=False,FramePredictionTask__block_size=32_learning_rate=0.5_use_nn_modes=True_use_unfrequent_hevc_modes=False,"{'block_size': 32, 'use_nn_modes': True, 'use_unfrequent_hevc_modes': False, 'learning_rate': 0.5}","{0.0: 75.0, 1.0: 40.0, 2.0: 27.0, 3.0: 0.0, 4.0: 0.0, 5.0: 0.0, 6.0: 0.0, 7.0: 0.0, 8.0: 0.0, 9.0: 10.0, 10.0: 4.0, 11.0: 5.0, 12.0: 0.0, 13.0: 8.0, 14.0: 0.0, 15.0: 2.0, 16.0: 2.0, 17.0: 4.0, 18.0: 5.0, 19.0: 3.0, 20.0: 4.0, 21.0: 10.0, 22.0: 2.0, 23.0: 2.0, 24.0: 8.0, 25.0: 30.0, 26.0: 31.0, 27.0: 21.0, 28.0: 18.0, 29.0: 15.0, 30.0: 29.0, 31.0: 36.0, 32.0: 30.0, 33.0: 13.0, 34.0: 11.0, 35.0: 654.0, 36.0: 1165.0, 37.0: 355.0, 38.0: 366.0, 39.0: 245.0, 40.0: 770.0}",514876869,0.88875,125.70236059570313,27.137369273819395
./victor_nn_videos_2020sep_split/Y/ClassA/Traffic/Traffic_y0-u8be-1x1600x2560.raw,FramePredictionTask__block_size=64_learning_rate=0.5_use_nn_modes=True_use_unfrequent_hevc_modes=False,FramePredictionTask__block_size=64_learning_rate=0.5_use_nn_modes=True_use_unfrequent_hevc_modes=False,"{'block_size': 64, 'use_nn_modes': True, 'use_unfrequent_hevc_modes': False, 'learning_rate': 0.5}","{0.0: 3.0, 1.0: 3.0, 2.0: 0.0, 3.0: 0.0, 4.0: 0.0, 5.0: 0.0, 6.0: 0.0, 7.0: 0.0, 8.0: 0.0, 9.0: 0.0, 10.0: 0.0, 11.0: 0.0, 12.0: 0.0, 13.0: 0.0, 14.0: 0.0, 15.0: 0.0, 16.0: 0.0, 17.0: 0.0, 18.0: 1.0, 19.0: 0.0, 20.0: 0.0, 21.0: 0.0, 22.0: 0.0, 23.0: 0.0, 24.0: 0.0, 25.0: 0.0, 26.0: 1.0, 27.0: 1.0, 28.0: 1.0, 29.0: 1.0, 30.0: 1.0, 31.0: 3.0, 32.0: 3.0, 33.0: 0.0, 34.0: 1.0, 35.0: 178.0, 36.0: 340.0, 37.0: 105.0, 38.0: 101.0, 39.0: 51.0, 40.0: 206.0}",435138523,0.981,106.23499096679687,27.86812775564266
./victor_nn_videos_2020sep_split/Y/ClassA/Traffic/Traffic_y0-u8be-1x1600x2560.raw,FramePredictionTask__block_size=8_learning_rate=0.5_use_nn_modes=True_use_unfrequent_hevc_modes=False,FramePredictionTask__block_size=8_learning_rate=0.5_use_nn_modes=True_use_unfrequent_hevc_modes=False,"{'block_size': 8, 'use_nn_modes': True, 'use_unfrequent_hevc_modes': False, 'learning_rate': 0.5}","{0.0: 5311.0, 1.0: 2330.0, 2.0: 2022.0, 3.0: 0.0, 4.0: 0.0, 5.0: 0.0, 6.0: 1205.0, 7.0: 707.0, 8.0: 752.0, 9.0: 928.0, 10.0: 1072.0, 11.0: 757.0, 12.0: 644.0, 13.0: 570.0, 14.0: 581.0, 15.0: 408.0, 16.0: 431.0, 17.0: 561.0, 18.0: 394.0, 19.0: 907.0, 20.0: 0.0, 21.0: 0.0, 22.0: 1229.0, 23.0: 808.0, 24.0: 1261.0, 25.0: 3095.0, 26.0: 2531.0, 27.0: 2463.0, 28.0: 2171.0, 29.0: 2518.0, 30.0: 2854.0, 31.0: 2129.0, 32.0: 2232.0, 33.0: 0.0, 34.0: 1678.0, 35.0: 4681.0, 36.0: 5794.0, 37.0: 3228.0, 38.0: 1051.0, 39.0: 2531.0, 40.0: 2166.0}",291890413,0.303921875,71.26230786132813,29.60220477806467
./victor_nn_videos_2020sep_split/Y/ClassA/NebutaFestival/NebutaFestival_y0-u16le-1x1600x2560.raw,FramePredictionTask__block_size=16_learning_rate=0.5_use_nn_modes=True_use_unfrequent_hevc_modes=False,FramePredictionTask__block_size=16_learning_rate=0.5_use_nn_modes=True_use_unfrequent_hevc_modes=False,"{'block_size': 16, 'use_nn_modes': True, 'use_unfrequent_hevc_modes': False, 'learning_rate': 0.5}","{0: 402, 1: 663, 2: 178, 3: 0, 4: 0, 5: 0, 6: 0, 7: 164, 8: 66, 9: 0, 10: 25, 11: 30, 12: 50, 13: 79, 14: 96, 15: 86, 16: 77, 17: 120, 18: 149, 19: 144, 20: 103, 21: 87, 22: 107, 23: 111, 24: 90, 25: 93, 26: 39, 27: 56, 28: 112, 29: 182, 30: 236, 31: 217, 32: 228, 33: 0, 34: 213, 35: 2887, 36: 3442, 37: 1507, 38: 977, 39: 1280, 40: 1704}",27968987007,0.7373125,6828.365968505859,21.85434478203152
./victor_nn_videos_2020sep_split/Y/ClassA/NebutaFestival/NebutaFestival_y0-u16le-1x1600x2560.raw,FramePredictionTask__block_size=32_learning_rate=0.5_use_nn_modes=True_use_unfrequent_hevc_modes=False,FramePredictionTask__block_size=32_learning_rate=0.5_use_nn_modes=True_use_unfrequent_hevc_modes=False,"{'block_size': 32, 'use_nn_modes': True, 'use_unfrequent_hevc_modes': False, 'learning_rate': 0.5}","{0: 7, 1: 51, 2: 7, 3: 0, 4: 0, 5: 0, 6: 0, 7: 0, 8: 0, 9: 1, 10: 0, 11: 1, 12: 2, 13: 4, 14: 6, 15: 7, 16: 5, 17: 8, 18: 6, 19: 11, 20: 4, 21: 6, 22: 4, 23: 3, 24: 1, 25: 1, 26: 1, 27: 1, 28: 2, 29: 5, 30: 7, 31: 15, 32: 16, 33: 6, 34: 8, 35: 933, 36: 1117, 37: 396, 38: 442, 39: 279, 40: 637}",27193442042,0.951,6639.023936035156,21.976470329889906
./victor_nn_videos_2020sep_split/Y/ClassA/NebutaFestival/NebutaFestival_y0-u16le-1x1600x2560.raw,FramePredictionTask__block_size=64_learning_rate=0.5_use_nn_modes=True_use_unfrequent_hevc_modes=False,FramePredictionTask__block_size=64_learning_rate=0.5_use_nn_modes=True_use_unfrequent_hevc_modes=False,"{'block_size': 64, 'use_nn_modes': True, 'use_unfrequent_hevc_modes': False, 'learning_rate': 0.5}","{0: 1, 1: 0, 2: 1, 3: 0, 4: 0, 5: 0, 6: 0, 7: 1, 8: 0, 9: 0, 10: 0, 11: 0, 12: 0, 13: 0, 14: 0, 15: 0, 16: 0, 17: 0, 18: 0, 19: 0, 20: 0, 21: 0, 22: 0, 23: 0, 24: 0, 25: 0, 26: 0, 27: 0, 28: 0, 29: 0, 30: 1, 31: 0, 32: 0, 33: 0, 34: 0, 35: 252, 36: 283, 37: 77, 38: 113, 39: 58, 40: 213}",20757446734,0.996,5067.736019042969,23.14937283245057
./victor_nn_videos_2020sep_split/Y/ClassA/NebutaFestival/NebutaFestival_y0-u16le-1x1600x2560.raw,FramePredictionTask__block_size=8_learning_rate=0.5_use_nn_modes=True_use_unfrequent_hevc_modes=False,FramePredictionTask__block_size=8_learning_rate=0.5_use_nn_modes=True_use_unfrequent_hevc_modes=False,"{'block_size': 8, 'use_nn_modes': True, 'use_unfrequent_hevc_modes': False, 'learning_rate': 0.5}","{0: 3576, 1: 2612, 2: 1590, 3: 0, 4: 0, 5: 0, 6: 1605, 7: 940, 8: 870, 9: 694, 10: 326, 11: 621, 12: 832, 13: 878, 14: 806, 15: 698, 16: 695, 17: 878, 18: 868, 19: 1554, 20: 0, 21: 0, 22: 1667, 23: 1262, 24: 1194, 25: 1029, 26: 634, 27: 1080, 28: 1352, 29: 1594, 30: 1579, 31: 1443, 32: 1758, 33: 0, 34: 1792, 35: 6937, 36: 7462, 37: 4842, 38: 1576, 39: 3953, 40: 2803}",19005484400,0.430828125,4640.01083984375,23.532322722834856
./victor_nn_videos_2020sep_split/Y/ClassB/ParkScene/ParkScene_y0-u8be-1x1080x1920.raw,FramePredictionTask__block_size=2_learning_rate=0.5_use_nn_modes=True_use_unfrequent_hevc_modes=False,FramePredictionTask__block_size=2_learning_rate=0.5_use_nn_modes=True_use_unfrequent_hevc_modes=False,"{'block_size': 2, 'use_nn_modes': True, 'use_unfrequent_hevc_modes': False, 'learning_rate': 0.5}","{0: 27953, 1: 20576, 2: 25523, 3: 0, 4: 0, 5: 0, 6: 20162, 7: 0, 8: 15174, 9: 9758, 10: 6222, 11: 0, 12: 14211, 13: 14575, 14: 9130, 15: 11804, 16: 9782, 17: 11867, 18: 9761, 19: 11836, 20: 13056, 21: 15482, 22: 13950, 23: 13878, 24: 20629, 25: 20628, 26: 21116, 27: 0, 28: 20825, 29: 18743, 30: 12906, 31: 17104, 32: 13349, 33: 15295, 34: 18449, 35: 11402, 36: 13188, 37: 2875, 38: 14721, 39: 15380, 40: 7090}",33719037,0.12472222222222222,16.261109664351853,36.01930182176825
./victor_nn_videos_2020sep_split/Y/ClassB/ParkScene/ParkScene_y0-u8be-1x1080x1920.raw,FramePredictionTask__block_size=4_learning_rate=0.5_use_nn_modes=True_use_unfrequent_hevc_modes=False,FramePredictionTask__block_size=4_learning_rate=0.5_use_nn_modes=True_use_unfrequent_hevc_modes=False,"{'block_size': 4, 'use_nn_modes': True, 'use_unfrequent_hevc_modes': False, 'learning_rate': 0.5}","{0: 10775, 1: 7017, 2: 5528, 3: 0, 4: 0, 5: 0, 6: 4208, 7: 2416, 8: 2805, 9: 2013, 10: 1375, 11: 1972, 12: 3073, 13: 2496, 14: 2956, 15: 0, 16: 2734, 17: 2879, 18: 1368, 19: 4677, 20: 0, 21: 0, 22: 4312, 23: 3234, 24: 4437, 25: 3864, 26: 3862, 27: 3851, 28: 4775, 29: 3625, 30: 3185, 31: 2405, 32: 2477, 33: 3345, 34: 2687, 35: 6337, 36: 5488, 37: 4354, 38: 2404, 39: 4442, 40: 2224}",83060306,0.19482253086419754,40.05608892746913,32.104118183102344
./victor_nn_videos_2020sep_split/Y/ClassB/Kimono/Kimono_y0-u8be-1x1080x1920.raw,FramePredictionTask__block_size=2_learning_rate=0.5_use_nn_modes=True_use_unfrequent_hevc_modes=False,FramePredictionTask__block_size=2_learning_rate=0.5_use_nn_modes=True_use_unfrequent_hevc_modes=False,"{'block_size': 2, 'use_nn_modes': True, 'use_unfrequent_hevc_modes': False, 'learning_rate': 0.5}","{0: 35008, 1: 22737, 2: 25221, 3: 0, 4: 0, 5: 0, 6: 23679, 7: 0, 8: 17419, 9: 10396, 10: 3340, 11: 0, 12: 14865, 13: 16606, 14: 9245, 15: 11469, 16: 10610, 17: 12874, 18: 8679, 19: 11573, 20: 14126, 21: 13895, 22: 14472, 23: 12416, 24: 19601, 25: 16678, 26: 7561, 27: 0, 28: 19384, 29: 21057, 30: 14198, 31: 18510, 32: 16667, 33: 19783, 34: 20933, 35: 12275, 36: 13835, 37: 2464, 38: 8262, 39: 13384, 40: 5178}",5799922,0.10686342592592593,2.7970302854938267,43.66383192046744
./victor_nn_videos_2020sep_split/Y/ClassB/Kimono/Kimono_y0-u8be-1x1080x1920.raw,FramePredictionTask__block_size=4_learning_rate=0.5_use_nn_modes=True_use_unfrequent_hevc_modes=False,FramePredictionTask__block_size=4_learning_rate=0.5_use_nn_modes=True_use_unfrequent_hevc_modes=False,"{'block_size': 4, 'use_nn_modes': True, 'use_unfrequent_hevc_modes': False, 'learning_rate': 0.5}","{0: 13499, 1: 5786, 2: 5704, 3: 0, 4: 0, 5: 0, 6: 5223, 7: 3206, 8: 3468, 9: 2150, 10: 1206, 11: 1842, 12: 3261, 13: 2661, 14: 3193, 15: 0, 16: 3009, 17: 3069, 18: 1497, 19: 4765, 20: 0, 21: 0, 22: 4396, 23: 3137, 24: 3807, 25: 2472, 26: 1574, 27: 2303, 28: 4679, 29: 4171, 30: 4153, 31: 3273, 32: 3220, 33: 4271, 34: 3738, 35: 6865, 36: 3661, 37: 4491, 38: 1347, 39: 3074, 40: 1429}",15313619,0.1610108024691358,7.3850400270061725,39.447275073322245
./victor_nn_videos_2020sep_split/Y/ClassB/BQTerrace/BQTerrace_y0-u8be-1x1080x1920.raw,FramePredictionTask__block_size=2_learning_rate=0.5_use_nn_modes=True_use_unfrequent_hevc_modes=False,FramePredictionTask__block_size=2_learning_rate=0.5_use_nn_modes=True_use_unfrequent_hevc_modes=False,"{'block_size': 2, 'use_nn_modes': True, 'use_unfrequent_hevc_modes': False, 'learning_rate': 0.5}","{0: 17771, 1: 14808, 2: 24280, 3: 0, 4: 0, 5: 0, 6: 18766, 7: 0, 8: 26136, 9: 31842, 10: 68230, 11: 0, 12: 26147, 13: 12361, 14: 7459, 15: 8847, 16: 5852, 17: 6285, 18: 6628, 19: 6795, 20: 8101, 21: 11033, 22: 9534, 23: 9315, 24: 11830, 25: 10830, 26: 14568, 27: 0, 28: 14586, 29: 15749, 30: 13656, 31: 15167, 32: 9979, 33: 10562, 34: 13969, 35: 12450, 36: 10934, 37: 5968, 38: 12181, 39: 17943, 40: 7838}",87231845,0.12984953703703705,42.06782648533951,31.891302869257498
./victor_nn_videos_2020sep_split/Y/ClassB/BQTerrace/BQTerrace_y0-u8be-1x1080x1920.raw,FramePredictionTask__block_size=4_learning_rate=0.5_use_nn_modes=True_use_unfrequent_hevc_modes=False,FramePredictionTask__block_size=4_learning_rate=0.5_use_nn_modes=True_use_unfrequent_hevc_modes=False,"{'block_size': 4, 'use_nn_modes': True, 'use_unfrequent_hevc_modes': False, 'learning_rate': 0.5}","{0: 4740, 1: 5469, 2: 3304, 3: 0, 4: 0, 5: 0, 6: 2553, 7: 1611, 8: 2776, 9: 4890, 10: 16850, 11: 14429, 12: 3389, 13: 1812, 14: 2026, 15: 0, 16: 1681, 17: 1592, 18: 676, 19: 2952, 20: 0, 21: 0, 22: 3438, 23: 2357, 24: 2758, 25: 1906, 26: 1875, 27: 2121, 28: 3837, 29: 5114, 30: 4621, 31: 2628, 32: 1716, 33: 2258, 34: 1778, 35: 6036, 36: 3078, 37: 3832, 38: 1623, 39: 5953, 40: 1921}",199331487,0.1731712962962963,96.12822482638887,28.302294384790866
./victor_nn_videos_2020sep_split/Y/ClassA/PeopleOnStreet/PeopleOnStreet_y0-u8be-1x1600x2560.raw,FramePredictionTask__block_size=2_learning_rate=0.5_use_nn_modes=True_use_unfrequent_hevc_modes=False,FramePredictionTask__block_size=2_learning_rate=0.5_use_nn_modes=True_use_unfrequent_hevc_modes=False,"{'block_size': 2, 'use_nn_modes': True, 'use_unfrequent_hevc_modes': False, 'learning_rate': 0.5}","{0: 118194, 1: 45280, 2: 62555, 3: 0, 4: 0, 5: 0, 6: 49583, 7: 0, 8: 42229, 9: 24279, 10: 16723, 11: 0, 12: 34166, 13: 32895, 14: 18870, 15: 19286, 16: 20457, 17: 24745, 18: 14472, 19: 18535, 20: 23595, 21: 15781, 22: 19701, 23: 16919, 24: 31753, 25: 30391, 26: 24295, 27: 0, 28: 36809, 29: 39594, 30: 28591, 31: 33511, 32: 24223, 33: 31228, 34: 35564, 35: 13315, 36: 20447, 37: 5506, 38: 16003, 39: 22691, 40: 11814}",58572042,0.087671875,14.29981494140625,36.57749943713768
./victor_nn_videos_2020sep_split/Y/ClassA/PeopleOnStreet/PeopleOnStreet_y0-u8be-1x1600x2560.raw,FramePredictionTask__block_size=4_learning_rate=0.5_use_nn_modes=True_use_unfrequent_hevc_modes=False,FramePredictionTask__block_size=4_learning_rate=0.5_use_nn_modes=True_use_unfrequent_hevc_modes=False,"{'block_size': 4, 'use_nn_modes': True, 'use_unfrequent_hevc_modes': False, 'learning_rate': 0.5}","{0: 29399, 1: 9429, 2: 12202, 3: 0, 4: 0, 5: 0, 6: 9577, 7: 6563, 8: 7076, 9: 5794, 10: 4388, 11: 5278, 12: 7760, 13: 7032, 14: 6717, 15: 0, 16: 5626, 17: 5267, 18: 3854, 19: 7783, 20: 0, 21: 0, 22: 7593, 23: 4984, 24: 4964, 25: 4702, 26: 4948, 27: 5655, 28: 7478, 29: 8665, 30: 9036, 31: 7504, 32: 6192, 33: 6109, 34: 8400, 35: 9651, 36: 9066, 37: 5786, 38: 2253, 39: 6133, 40: 3136}",173180478,0.14072265625,42.28039013671875,31.869413748190304
./victor_nn_videos_2020sep_split/Y/ClassA/Traffic/Traffic_y0-u8be-1x1600x2560.raw,FramePredictionTask__block_size=2_learning_rate=0.5_use_nn_modes=True_use_unfrequent_hevc_modes=False,FramePredictionTask__block_size=2_learning_rate=0.5_use_nn_modes=True_use_unfrequent_hevc_modes=False,"{'block_size': 2, 'use_nn_modes': True, 'use_unfrequent_hevc_modes': False, 'learning_rate': 0.5}","{0.0: 69283.0, 1.0: 44575.0, 2.0: 54082.0, 3.0: 0.0, 4.0: 0.0, 5.0: 0.0, 6.0: 44126.0, 7.0: 0.0, 8.0: 36251.0, 9.0: 20383.0, 10.0: 17253.0, 11.0: 0.0, 12.0: 25609.0, 13.0: 29023.0, 14.0: 12983.0, 15.0: 15977.0, 16.0: 13024.0, 17.0: 17702.0, 18.0: 8464.0, 19.0: 12173.0, 20.0: 21863.0, 21.0: 15145.0, 22.0: 23866.0, 23.0: 21697.0, 24.0: 52283.0, 25.0: 54644.0, 26.0: 50043.0, 27.0: 0.0, 28.0: 57525.0, 29.0: 57130.0, 30.0: 33932.0, 31.0: 40108.0, 32.0: 29714.0, 33.0: 35981.0, 34.0: 31390.0, 35.0: 13131.0, 36.0: 17180.0, 37.0: 3941.0, 38.0: 14572.0, 39.0: 19600.0, 40.0: 9347.0}",40331934,0.0759482421875,9.84666357421875,38.19791261006355
./victor_nn_videos_2020sep_split/Y/ClassA/Traffic/Traffic_y0-u8be-1x1600x2560.raw,FramePredictionTask__block_size=4_learning_rate=0.5_use_nn_modes=True_use_unfrequent_hevc_modes=False,FramePredictionTask__block_size=4_learning_rate=0.5_use_nn_modes=True_use_unfrequent_hevc_modes=False,"{'block_size': 4, 'use_nn_modes': True, 'use_unfrequent_hevc_modes': False, 'learning_rate': 0.5}","{0.0: 19515.0, 1.0: 8803.0, 2.0: 10568.0, 3.0: 0.0, 4.0: 0.0, 5.0: 0.0, 6.0: 7646.0, 7.0: 4807.0, 8.0: 5531.0, 9.0: 5166.0, 10.0: 4963.0, 11.0: 3909.0, 12.0: 5202.0, 13.0: 4301.0, 14.0: 4141.0, 15.0: 0.0, 16.0: 3848.0, 17.0: 3880.0, 18.0: 2615.0, 19.0: 5901.0, 20.0: 0.0, 21.0: 0.0, 22.0: 6310.0, 23.0: 5846.0, 24.0: 8773.0, 25.0: 12091.0, 26.0: 11244.0, 27.0: 9214.0, 28.0: 12525.0, 29.0: 12192.0, 30.0: 10968.0, 31.0: 8436.0, 32.0: 7883.0, 33.0: 7292.0, 34.0: 8173.0, 35.0: 10413.0, 36.0: 6870.0, 37.0: 6806.0, 38.0: 2022.0, 39.0: 5247.0, 40.0: 2899.0}",122886427,0.13381640625,30.00156909179688,33.35936391811958
./victor_nn_videos_2020sep_split/Y/ClassA/NebutaFestival/NebutaFestival_y0-u16le-1x1600x2560.raw,FramePredictionTask__block_size=2_learning_rate=0.5_use_nn_modes=True_use_unfrequent_hevc_modes=False,FramePredictionTask__block_size=2_learning_rate=0.5_use_nn_modes=True_use_unfrequent_hevc_modes=False,"{'block_size': 2, 'use_nn_modes': True, 'use_unfrequent_hevc_modes': False, 'learning_rate': 0.5}","{0: 54276, 1: 25693, 2: 53666, 3: 0, 4: 0, 5: 0, 6: 39812, 7: 0, 8: 30978, 9: 14494, 10: 33684, 11: 0, 12: 26686, 13: 22861, 14: 19673, 15: 19531, 16: 19865, 17: 23651, 18: 23607, 19: 24545, 20: 20621, 21: 22529, 22: 21514, 23: 26124, 24: 26996, 25: 20586, 26: 60234, 27: 0, 28: 41604, 29: 36985, 30: 33646, 31: 36577, 32: 27143, 33: 27130, 34: 50302, 35: 9047, 36: 33102, 37: 6622, 38: 32168, 39: 37669, 40: 20379}",3508495135,0.1357294921875,856.5661950683592,30.869903367345053
./victor_nn_videos_2020sep_split/Y/ClassA/NebutaFestival/NebutaFestival_y0-u16le-1x1600x2560.raw,FramePredictionTask__block_size=4_learning_rate=0.5_use_nn_modes=True_use_unfrequent_hevc_modes=False,FramePredictionTask__block_size=4_learning_rate=0.5_use_nn_modes=True_use_unfrequent_hevc_modes=False,"{'block_size': 4, 'use_nn_modes': True, 'use_unfrequent_hevc_modes': False, 'learning_rate': 0.5}","{0: 16464, 1: 7331, 2: 9739, 3: 0, 4: 0, 5: 0, 6: 9579, 7: 5282, 8: 5344, 9: 3328, 10: 3928, 11: 3460, 12: 5133, 13: 5213, 14: 6635, 15: 0, 16: 5694, 17: 5706, 18: 4272, 19: 9437, 20: 0, 21: 0, 22: 9507, 23: 6349, 24: 6285, 25: 4341, 26: 6161, 27: 4687, 28: 7203, 29: 7668, 30: 7512, 31: 6473, 32: 5911, 33: 6877, 34: 9578, 35: 16267, 36: 17314, 37: 9910, 38: 3273, 39: 9675, 40: 4464}",9326565911,0.23790234375,2276.9936306152345,26.623894516499877
