file_path,task_name,task_label,param_dict,compressed_size_bytes,compression_ratio,lossless_reconstruction,compression_time_seconds,decompression_time_seconds,repetitions,compressed_file_sha256,bpppc,compression_ratio_dr,compression_efficiency_1byte_entropy,compression_efficiency_2byte_entropy,mse,pae,psnr_bps,psnr_dr
/home/artur/experiment-notebook/templates/lossy_compression_experiment/data/landsat/agriculture-u16be-6x1024x1024.raw,JPEG_LS_2bf27__ls=0_m=0,JPEG-LS,"{'ls': 0, 'm': 0}",3246278,3.8761042646378407,True,1.71,2.31,1,fd84bf4a1f20ddfad55139f17de954ffe63839c2b0842febae172d34e07cd37e,4.127855936686198,1.9380521323189204,2.082971419116343,1.5984583860366142,0.0,0,inf,inf
/home/artur/experiment-notebook/templates/lossy_compression_experiment/data/landsat/agriculture-u16be-6x1024x1024.raw,JPEG_LS_2bf27__ls=0_m=1,JPEG-LS,"{'ls': 0, 'm': 1}",2053975,6.126127143709147,False,1.66,1.87,1,f90bef0b7c727c5161f1120f4952638c1c851a9f76efcba1da24c1bc2c52c39f,2.6117642720540366,3.0630635718545745,3.2921064241318243,2.5263405311681826,0.6643122037251791,1,98.10574376823375,49.907081301607846
/home/artur/experiment-notebook/templates/lossy_compression_experiment/data/landsat/agriculture-u16be-6x1024x1024.raw,JPEG_LS_2bf27__ls=0_m=2,JPEG-LS,"{'ls': 0, 'm': 2}",1580360,7.962054215495202,False,1.43,1.28,1,a9ad47f0b12802fa237f6845f5c212506709c88f7c9d3278fe956af51d184473,2.009531656901041,3.9810271077476016,4.278711364819512,3.2834545878826136,1.94126828511556,2,93.44861048085636,45.24994801423046
/home/artur/experiment-notebook/templates/lossy_compression_experiment/data/landsat/agriculture-u16be-6x1024x1024.raw,JPEG_LS_2bf27__ls=0_m=3,JPEG-LS,"{'ls': 0, 'm': 3}",1322164,9.516907131036692,False,1.31,0.97,1,8f3b948169c4ab23a805a88cf7f34880195c7f66a7ecce6019d3b9ebd71767d7,1.6812184651692708,4.758453565518346,5.114270463048581,3.924657071668997,3.7632341384887695,3,90.57385367714404,42.37519121051815
/home/artur/experiment-notebook/templates/lossy_compression_experiment/data/landsat/agriculture-u16be-6x1024x1024.raw,JPEG_LS_2bf27__ls=0_m=4,JPEG-LS,"{'ls': 0, 'm': 4}",1155336,10.891127775815868,False,1.12,0.88,1,029df6cf249d0f77c29017446dcf94487fe74dced08243cd7fc4e48a4698f54c,1.469085693359375,5.445563887907934,5.852759969832294,4.4913689978553135,6.096321423848469,4,88.47878750753462,40.280125040908736
/home/artur/experiment-notebook/templates/lossy_compression_experiment/data/landsat/agriculture-u16be-6x1024x1024.raw,Kakadu_cc23c1_dc23c1__bit_rate=1_ht=False_lossless=False_quality_factor=False_spatial_dwt_levels=5,Kakadu ,"{'ht': False, 'spatial_dwt_levels': 5, 'lossless': False, 'bit_rate': 1, 'quality_factor': False}",130068,96.74102777008949,False,0.27,0.18,1,1eb6ffb614ef1a288be36e1304ea2c023e70a2bc97d7b669efa3c94155423ecc,0.1653900146484375,48.370513885044744,51.9874549659114,39.89482649465024,46.304264545440674,95,79.67325616874018,31.47459370211429
/home/artur/experiment-notebook/templates/lossy_compression_experiment/data/landsat/agriculture-u16be-6x1024x1024.raw,Kakadu_cc23c1_dc23c1__bit_rate=2_ht=False_lossless=False_quality_factor=False_spatial_dwt_levels=5,Kakadu ,"{'ht': False, 'spatial_dwt_levels': 5, 'lossless': False, 'bit_rate': 2, 'quality_factor': False}",260667,48.27197919184247,False,0.28,0.25,1,a2f9a9ee4b994088d3723c84f9c47d61c00a3bd13c58fc556cc3d8e836cb6c02,0.3314552307128906,24.135989595921234,25.94077613394164,19.90677873496134,26.805971940358482,60,82.0471504888162,33.84848802219032
/home/artur/experiment-notebook/templates/lossy_compression_experiment/data/landsat/agriculture-u16be-6x1024x1024.raw,Kakadu_cc23c1_dc23c1__bit_rate=3_ht=False_lossless=False_quality_factor=False_spatial_dwt_levels=5,Kakadu ,"{'ht': False, 'spatial_dwt_levels': 5, 'lossless': False, 'bit_rate': 3, 'quality_factor': False}",329936,38.137432714223365,False,0.28,0.28,1,76ef842dd77544f4fc6915560ccd3bbe3ea24a5bdceac9fe3c195c634a007b99,0.4195353190104167,19.068716357111683,20.494593777296696,15.72741468801879,21.19058529535929,35,83.06803655206947,34.86937408544357
/home/artur/experiment-notebook/templates/lossy_compression_experiment/data/landsat/agriculture-u16be-6x1024x1024.raw,Kakadu_cc23c1_dc23c1__bit_rate=4_ht=False_lossless=False_quality_factor=False_spatial_dwt_levels=5,Kakadu ,"{'ht': False, 'spatial_dwt_levels': 5, 'lossless': False, 'bit_rate': 4, 'quality_factor': False}",330172,38.11017287959003,False,0.17,0.15,1,3bf4f3ac4062e4b66f193002240d1e57b97b52f0cb42e907c81b5a47a4f52749,0.4198354085286458,19.055086439795016,20.47994467279528,15.716173062846535,21.19058529535929,35,83.06803655206947,34.86937408544357
/home/artur/experiment-notebook/templates/lossy_compression_experiment/data/landsat/agriculture-u16be-6x1024x1024.raw,MCALIC_Magli_cdd2ed_ddd2ed__data_format=0_max_error=0,M-CALIC,"{'data_format': 0, 'max_error': 0}",2985176,4.2151323741045745,True,10.91,10.52,1,183bf4edfa7a710ebe6f7218de949e296f1034346826cd25c47e0746b92502ac,3.795847574869792,2.107566187052288,2.26516101312156,1.7382694663584886,0.0,0,inf,inf
/home/artur/experiment-notebook/templates/lossy_compression_experiment/data/landsat/agriculture-u16be-6x1024x1024.raw,MCALIC_Magli_cdd2ed_ddd2ed__data_format=0_max_error=1,M-CALIC,"{'data_format': 0, 'max_error': 1}",1857058,6.775723752300682,False,10.57,11.77,1,882d8c8c63eddee3024d2be6e76f6005bd013ca03d627b2af35a796f173dc4ee,2.361371358235677,3.387861876150341,3.6411917627269386,2.794226293689356,0.6655319531758627,1,98.09777696097237,49.899114494346456
/home/artur/experiment-notebook/templates/lossy_compression_experiment/data/landsat/agriculture-u16be-6x1024x1024.raw,MCALIC_Magli_cdd2ed_ddd2ed__data_format=0_max_error=2,M-CALIC,"{'data_format': 0, 'max_error': 2}",1414732,8.894201870036163,False,10.68,11.53,1,c036a1cff489868e6dbac932beb25aa5d6addce1a2c33d05d0ff09a27b41bb37,1.7989247639973958,4.4471009350180815,4.77963620848766,3.6678609747331423,1.9407862027486165,2,93.4496891144176,45.25102664779172
/home/artur/experiment-notebook/templates/lossy_compression_experiment/data/landsat/agriculture-u16be-6x1024x1024.raw,MCALIC_Magli_cdd2ed_ddd2ed__data_format=0_max_error=3,M-CALIC,"{'data_format': 0, 'max_error': 3}",1162613,10.822958284485033,False,10.78,11.61,1,3ce90e2cd0841c73e464c2496e02b3b7787a6bc4fcb4829cfc5699989ffb1ae6,1.478338877360026,5.411479142242516,5.816126512008866,4.4632567264482415,3.7154633204142247,3,90.62933629285116,42.43067382622525
/home/artur/experiment-notebook/templates/lossy_compression_experiment/data/landsat/agriculture-u16be-6x1024x1024.raw,MCALIC_Magli_cdd2ed_ddd2ed__data_format=0_max_error=4,M-CALIC,"{'data_format': 0, 'max_error': 4}",994577,12.651521199464698,False,10.23,9.67,1,551d03edd43f0962dc9d16d0a51d28d9b78e4eb7bf6c466c1cbc93cdbcd37326,1.2646700541178386,6.325760599732349,6.798774044147576,5.217333894214493,5.94299618403117,4,88.5894115613057,40.39074909467978
/home/artur/experiment-notebook/templates/lossy_compression_experiment/data/landsat/coast-u16be-6x1024x1024.raw,JPEG_LS_2bf27__ls=0_m=0,JPEG-LS,"{'ls': 0, 'm': 0}",2435684,5.166069161681072,True,2.32,2.04,1,ac124c48a9e01fb059045d4e027470c30060438199c804dba86cbd748f70221c,3.0971323649088536,2.583034580840536,2.8976124136572863,2.251853768447152,0.0,0,inf,inf
/home/artur/experiment-notebook/templates/lossy_compression_experiment/data/landsat/coast-u16be-6x1024x1024.raw,JPEG_LS_2bf27__ls=0_m=1,JPEG-LS,"{'ls': 0, 'm': 1}",1245347,10.103940508147527,False,1.06,1.68,1,74606f38ab6e22a95b96a3d50bba844e2bb90bde4ca60df86a82722d08f651bf,1.5835405985514324,5.0519702540737645,5.6672302532117005,4.404237689693262,0.6130863825480143,1,98.4542493754571,50.25558690883121
/home/artur/experiment-notebook/templates/lossy_compression_experiment/data/landsat/coast-u16be-6x1024x1024.raw,JPEG_LS_2bf27__ls=0_m=2,JPEG-LS,"{'ls': 0, 'm': 2}",841290,14.956687943515314,False,1.4,0.78,1,cc7d143831b34fba20ee85bd222cac33befee1abece4dee91a2ca30694d7c442,1.0697555541992188,7.478343971757657,8.389102680581527,6.5195166876421125,1.6011303265889485,2,94.2851992407164,46.08653677409052
/home/artur/experiment-notebook/templates/lossy_compression_experiment/data/landsat/coast-u16be-6x1024x1024.raw,JPEG_LS_2bf27__ls=0_m=3,JPEG-LS,"{'ls': 0, 'm': 3}",665719,18.90123610712628,False,0.8400000000000001,0.52,1,9099bdd60605cb9b667f584274f4a8adf65c2b8e49d915f7aa1e2b45b588b760,0.8465054829915365,9.45061805356314,10.601572426423813,8.238917913033026,2.9975899060567217,3,91.56174389865109,43.36308143202521
/home/artur/experiment-notebook/templates/lossy_compression_experiment/data/landsat/coast-u16be-6x1024x1024.raw,JPEG_LS_2bf27__ls=0_m=4,JPEG-LS,"{'ls': 0, 'm': 4}",558349,22.53592645460097,False,0.73,0.5800000000000001,1,6b24371b4a93b2c57242347bcd6c135cfb0f9513444c96b4653c544f0e579400,0.7099774678548177,11.267963227300491,12.640245069206596,9.823254262381473,4.839857896169026,4,89.48113997087667,41.282477504250785
/home/artur/experiment-notebook/templates/lossy_compression_experiment/data/landsat/coast-u16be-6x1024x1024.raw,Kakadu_cc23c1_dc23c1__bit_rate=1_ht=False_lossless=False_quality_factor=False_spatial_dwt_levels=5,Kakadu ,"{'ht': False, 'spatial_dwt_levels': 5, 'lossless': False, 'bit_rate': 1, 'quality_factor': False}",107991,116.51815429063534,False,0.08,0.08,1,0b0daa3019d7be5459c34a21d35b15a292b2c2be3774403fbbcb709d492485d9,0.13731765747070312,58.25907714531767,65.35422576091001,50.78945647458061,7.991525650024414,30,87.30316909801401,39.10450663138813
/home/artur/experiment-notebook/templates/lossy_compression_experiment/data/landsat/coast-u16be-6x1024x1024.raw,Kakadu_cc23c1_dc23c1__bit_rate=2_ht=False_lossless=False_quality_factor=False_spatial_dwt_levels=5,Kakadu ,"{'ht': False, 'spatial_dwt_levels': 5, 'lossless': False, 'bit_rate': 2, 'quality_factor': False}",107990,116.5192332623391,False,0.13,0.08,1,d5b8c1a45d0b3ce84514be66567a0aa19f408896f154823273601f80fbf9a505,0.1373163859049479,58.25961663116955,65.35483094866592,50.78992679087354,7.991525650024414,30,87.30316909801401,39.10450663138813
/home/artur/experiment-notebook/templates/lossy_compression_experiment/data/landsat/coast-u16be-6x1024x1024.raw,Kakadu_cc23c1_dc23c1__bit_rate=3_ht=False_lossless=False_quality_factor=False_spatial_dwt_levels=5,Kakadu ,"{'ht': False, 'spatial_dwt_levels': 5, 'lossless': False, 'bit_rate': 3, 'quality_factor': False}",107990,116.5192332623391,False,0.1,0.15,1,d5b8c1a45d0b3ce84514be66567a0aa19f408896f154823273601f80fbf9a505,0.1373163859049479,58.25961663116955,65.35483094866592,50.78992679087354,7.991525650024414,30,87.30316909801401,39.10450663138813
/home/artur/experiment-notebook/templates/lossy_compression_experiment/data/landsat/coast-u16be-6x1024x1024.raw,Kakadu_cc23c1_dc23c1__bit_rate=4_ht=False_lossless=False_quality_factor=False_spatial_dwt_levels=5,Kakadu ,"{'ht': False, 'spatial_dwt_levels': 5, 'lossless': False, 'bit_rate': 4, 'quality_factor': False}",107990,116.5192332623391,False,0.14,0.19,1,d5b8c1a45d0b3ce84514be66567a0aa19f408896f154823273601f80fbf9a505,0.1373163859049479,58.25961663116955,65.35483094866592,50.78992679087354,7.991525650024414,30,87.30316909801401,39.10450663138813
/home/artur/experiment-notebook/templates/lossy_compression_experiment/data/landsat/coast-u16be-6x1024x1024.raw,MCALIC_Magli_cdd2ed_ddd2ed__data_format=0_max_error=0,M-CALIC,"{'data_format': 0, 'max_error': 0}",2132439,5.900713689817152,True,13.24,11.88,1,eef86d35af64e050c60a32f522c47123f568e50a8593ba5912fbe1e4a4da99ce,2.711536407470703,2.9503568449085766,3.309669441492316,2.572080230265172,0.0,0,inf,inf
/home/artur/experiment-notebook/templates/lossy_compression_experiment/data/landsat/coast-u16be-6x1024x1024.raw,MCALIC_Magli_cdd2ed_ddd2ed__data_format=0_max_error=1,M-CALIC,"{'data_format': 0, 'max_error': 1}",1206383,10.43027960440424,False,11.27,11.87,1,d936027df70844cc3255ed0a02022b6fabc6b283904d7806d350fd3aa55f29e2,1.5339953104654949,5.21513980220212,5.850271592144811,4.5464866415942815,0.6468749046325684,1,98.2212630442062,50.02260057758033
/home/artur/experiment-notebook/templates/lossy_compression_experiment/data/landsat/coast-u16be-6x1024x1024.raw,MCALIC_Magli_cdd2ed_ddd2ed__data_format=0_max_error=2,M-CALIC,"{'data_format': 0, 'max_error': 2}",848563,14.82849476114325,False,10.51,11.67,1,82782580312ff0709c44e7a6aeeba092f7ca042a4654cc1dbd9527c8c533b8bb,1.0790036519368489,7.414247380571625,8.31720001242858,6.463638167285674,1.71351957321167,2,93.99057537872127,45.791912912095405
/home/artur/experiment-notebook/templates/lossy_compression_experiment/data/landsat/coast-u16be-6x1024x1024.raw,MCALIC_Magli_cdd2ed_ddd2ed__data_format=0_max_error=3,M-CALIC,"{'data_format': 0, 'max_error': 3}",659282,19.085781198333944,False,10.62,11.47,1,04c1f2787ed255fc7cadd6bda23865f8e20bffdf5c428f1aee9758bc003c8039,0.8383204142252604,9.542890599166972,10.705082489960947,8.319359840169204,3.1420048077901206,3,91.35739762283222,43.15873515620632
/home/artur/experiment-notebook/templates/lossy_compression_experiment/data/landsat/coast-u16be-6x1024x1024.raw,MCALIC_Magli_cdd2ed_ddd2ed__data_format=0_max_error=4,M-CALIC,"{'data_format': 0, 'max_error': 4}",550371,22.862599955302876,False,12.13,10.83,1,baab094e1cd419a00ce69dffb49eff1c7822cfbfb1836c7cadc45a23409a5a6f,0.6998329162597656,11.431299977651436,12.823473973276995,9.965648978864133,5.0697784423828125,4,89.27957627162262,41.080913804996726
/home/artur/experiment-notebook/templates/lossy_compression_experiment/data/landsat/mountain-u16be-6x1024x1024.raw,JPEG_LS_2bf27__ls=0_m=0,JPEG-LS,"{'ls': 0, 'm': 0}",3355327,3.750129868117176,True,2.17,2.65,1,718ae3c12fab5824740f262338062fa22d424c12c0e9c77bfa008fc327227c40,4.266518910725911,1.875064934058588,1.9535477727469361,1.4847815392322916,0.0,0,inf,inf
/home/artur/experiment-notebook/templates/lossy_compression_experiment/data/landsat/mountain-u16be-6x1024x1024.raw,JPEG_LS_2bf27__ls=0_m=1,JPEG-LS,"{'ls': 0, 'm': 1}",2149849,5.852928275427716,False,2.01,2.42,1,aee6fc74a5dab1940b2dfc11690109a59fb9cf8fea943da761d338c407da70ec,2.7336743672688804,2.926464137713858,3.0489544092109067,2.3173383747824463,0.66595458984375,1,98.09501991051864,49.896357443892725
/home/artur/experiment-notebook/templates/lossy_compression_experiment/data/landsat/mountain-u16be-6x1024x1024.raw,JPEG_LS_2bf27__ls=0_m=2,JPEG-LS,"{'ls': 0, 'm': 2}",1651303,7.619989789881082,False,2.03,2.19,1,3a7639f912dde01fb469a5cebf99e17d97f2ee24705457c0522a0a491ede8312,2.0997403462727866,3.809994894940541,3.969466286736994,3.0169675630018644,1.9584892590840657,2,93.41025413435386,45.211591667728
/home/artur/experiment-notebook/templates/lossy_compression_experiment/data/landsat/mountain-u16be-6x1024x1024.raw,JPEG_LS_2bf27__ls=0_m=3,JPEG-LS,"{'ls': 0, 'm': 3}",1349114,9.326796697684557,False,2.02,1.85,1,cfe7ca9085dbb12911834f6afdde71a3adb52a711b7e4a49b647fde8c8f2cffb,1.7154871622721355,4.6633983488422786,4.858589850589096,3.692740263378534,3.7693382898966465,3,90.56681491348488,42.36815244685899
/home/artur/experiment-notebook/templates/lossy_compression_experiment/data/landsat/mountain-u16be-6x1024x1024.raw,JPEG_LS_2bf27__ls=0_m=4,JPEG-LS,"{'ls': 0, 'm': 4}",1145057,10.988895749294576,False,1.83,1.68,1,6e9e5daa6fcec3c9908e677f479f25522c66d4be0b9b6e6a87e8bf364e124549,1.4560152689615886,5.494447874647288,5.724423838889817,4.350811870228004,6.0514488220214835,4,88.51087242782059,40.312209961194704
/home/artur/experiment-notebook/templates/lossy_compression_experiment/data/landsat/mountain-u16be-6x1024x1024.raw,Kakadu_cc23c1_dc23c1__bit_rate=1_ht=False_lossless=False_quality_factor=False_spatial_dwt_levels=5,Kakadu ,"{'ht': False, 'spatial_dwt_levels': 5, 'lossless': False, 'bit_rate': 1, 'quality_factor': False}",130939,96.09751105476595,False,0.24,0.13,1,9ab252e9aeb030abdcd251ae6bfa89fcb706f2c7111b6b3f59e8872f4feee29b,0.16649754842122394,48.048755527382966,50.05988733446611,38.04769845262044,36.76269404093424,85,80.67539277715214,32.47673031052625
/home/artur/experiment-notebook/templates/lossy_compression_experiment/data/landsat/mountain-u16be-6x1024x1024.raw,Kakadu_cc23c1_dc23c1__bit_rate=2_ht=False_lossless=False_quality_factor=False_spatial_dwt_levels=5,Kakadu ,"{'ht': False, 'spatial_dwt_levels': 5, 'lossless': False, 'bit_rate': 2, 'quality_factor': False}",261403,48.136065768181716,False,0.25,0.25,1,1fe2b09809e35700da50f50ccb1c126c93402a88de320f881594d89c23321da5,0.33239110310872394,24.068032884090854,25.07542601916451,19.058417798141825,22.517577489217118,45,82.80424941584606,34.60558694922017
/home/artur/experiment-notebook/templates/lossy_compression_experiment/data/landsat/mountain-u16be-6x1024x1024.raw,Kakadu_cc23c1_dc23c1__bit_rate=3_ht=False_lossless=False_quality_factor=False_spatial_dwt_levels=5,Kakadu ,"{'ht': False, 'spatial_dwt_levels': 5, 'lossless': False, 'bit_rate': 3, 'quality_factor': False}",271917,46.2748265095599,False,0.24,0.24,1,790dcc1d7d816ae344d66f46365b2433e5ef74e2989092e86eb6636c942e170a,0.3457603454589844,23.13741325477995,24.10585431469036,18.321501000995408,22.08420753479004,35,82.88864787791314,34.68998541128726
/home/artur/experiment-notebook/templates/lossy_compression_experiment/data/landsat/mountain-u16be-6x1024x1024.raw,Kakadu_cc23c1_dc23c1__bit_rate=4_ht=False_lossless=False_quality_factor=False_spatial_dwt_levels=5,Kakadu ,"{'ht': False, 'spatial_dwt_levels': 5, 'lossless': False, 'bit_rate': 4, 'quality_factor': False}",271938,46.27125300619994,False,0.23,0.26,1,259c1ba69094a3c24f4148ed0abdc2fb1d776fbb5318321f0817bcad3715f2ae,0.3457870483398437,23.13562650309997,24.10399277661694,18.320086150841984,22.08420753479004,35,82.88864787791314,34.68998541128726
/home/artur/experiment-notebook/templates/lossy_compression_experiment/data/landsat/mountain-u16be-6x1024x1024.raw,MCALIC_Magli_cdd2ed_ddd2ed__data_format=0_max_error=0,M-CALIC,"{'data_format': 0, 'max_error': 0}",3067669,4.101782819463248,True,12.33,9.42,1,de3506ef49d6ffa314ddc9259f4435b5e39dfebaf927cf40f310144afb46b98b,3.9007428487141933,2.050891409731624,2.1367336527140504,1.6240108002811475,0.0,0,inf,inf
/home/artur/experiment-notebook/templates/lossy_compression_experiment/data/landsat/mountain-u16be-6x1024x1024.raw,MCALIC_Magli_cdd2ed_ddd2ed__data_format=0_max_error=1,M-CALIC,"{'data_format': 0, 'max_error': 1}",1909923,6.588177638574956,False,12.02,9.32,1,f589009f1d0d2e0adaced394cc12126364b182f66dc00f69ffeee32fc415ec0d,2.4285926818847656,3.2940888192874778,3.4319664131421317,2.608444208320266,0.6670447985331217,1,98.08791605544391,49.889253588818036
/home/artur/experiment-notebook/templates/lossy_compression_experiment/data/landsat/mountain-u16be-6x1024x1024.raw,MCALIC_Magli_cdd2ed_ddd2ed__data_format=0_max_error=2,M-CALIC,"{'data_format': 0, 'max_error': 2}",1447539,8.692623825679307,False,11.34,7.91,1,8f883c1449006ab9ebd7ad78438e1983a680101aa33e58bc3ca89f21f9d464ac,1.840641021728516,4.346311912839654,4.528231424291613,3.4416534460817068,1.9557523727416992,2,93.41632741720964,45.217664950583725
/home/artur/experiment-notebook/templates/lossy_compression_experiment/data/landsat/mountain-u16be-6x1024x1024.raw,MCALIC_Magli_cdd2ed_ddd2ed__data_format=0_max_error=3,M-CALIC,"{'data_format': 0, 'max_error': 3}",1173574,10.721873524805424,False,11.85,9.54,1,ba14ee6be9859dcb94b57e1051fed971348742f21b09a093afaf0fcad06d6e95,1.4922765096028645,5.360936762402711,5.585324476929157,4.245090286328487,3.699010531107585,3,90.64861039774068,42.449947931114785
/home/artur/experiment-notebook/templates/lossy_compression_experiment/data/landsat/mountain-u16be-6x1024x1024.raw,MCALIC_Magli_cdd2ed_ddd2ed__data_format=0_max_error=4,M-CALIC,"{'data_format': 0, 'max_error': 4}",990677,12.701326466648565,False,11.88,8.399999999999999,1,20494bf3652de018dc3bb712a2e411a021d1c3e36ee2c8a4530b696e68e5fe97,1.259710947672526,6.3506632333242825,6.616477002784619,5.028811194453558,5.814269224802652,4,88.6845146999304,40.48585223330451
/home/artur/experiment-notebook/templates/lossy_compression_experiment/data/landsat/agriculture-u16be-6x1024x1024.raw,Kakadu_cc23c1_dc23c1__bit_rate=False_ht=False_lossless=False_quality_factor=100_spatial_dwt_levels=5,Kakadu ,"{'ht': False, 'spatial_dwt_levels': 5, 'lossless': False, 'bit_rate': False, 'quality_factor': 100}",3582832,3.512001679118641,False,1.09,1.15,1,67206a14320f5f2fb2ca94e15180f0af56d9d39683f31f3704cf5ccc53fa7d62,4.555806477864583,1.7560008395593207,1.8873071058051747,1.4483068959153451,0.057681083679199226,1,108.71913196466222,60.520469498036356
/home/artur/experiment-notebook/templates/lossy_compression_experiment/data/landsat/agriculture-u16be-6x1024x1024.raw,Kakadu_cc23c1_dc23c1__bit_rate=False_ht=False_lossless=False_quality_factor=25_spatial_dwt_levels=5,Kakadu ,"{'ht': False, 'spatial_dwt_levels': 5, 'lossless': False, 'bit_rate': False, 'quality_factor': 25}",744,16912.516129032258,False,0.09,0.06999999999999999,1,af65510fc6288b4019c51af2623cc9b58957eb39fc575bedc0a60d59061a3cc6,0.000946044921875,8456.258064516129,9088.581038314738,6974.5165221857105,2001.8790809313446,180,63.315087661905224,15.116425195279335
/home/artur/experiment-notebook/templates/lossy_compression_experiment/data/landsat/agriculture-u16be-6x1024x1024.raw,Kakadu_cc23c1_dc23c1__bit_rate=False_ht=False_lossless=False_quality_factor=50_spatial_dwt_levels=5,Kakadu ,"{'ht': False, 'spatial_dwt_levels': 5, 'lossless': False, 'bit_rate': False, 'quality_factor': 50}",871,14446.51205510907,False,0.08,0.08,1,2a7cca7d0476f1441f4daf9040e5665fc739f8ca30e7af3fdab918cc65b99e80,0.0011075337727864585,7223.256027554535,7763.380358790087,5957.566351901456,1314.863673210144,152,65.14065880591977,16.941996339293887
/home/artur/experiment-notebook/templates/lossy_compression_experiment/data/landsat/agriculture-u16be-6x1024x1024.raw,Kakadu_cc23c1_dc23c1__bit_rate=False_ht=False_lossless=False_quality_factor=75_spatial_dwt_levels=5,Kakadu ,"{'ht': False, 'spatial_dwt_levels': 5, 'lossless': False, 'bit_rate': False, 'quality_factor': 75}",1529,8229.504251144539,False,0.06999999999999999,0.08,1,7ae213d10d1704317ba6ca6f22b2b2988d18e5ffba20751b9a76890652dc2fca,0.0019442240397135413,4114.7521255722695,4422.435770115218,3393.74773872215,526.4550514221191,169,69.11585310361632,20.91719063699044
/home/artur/experiment-notebook/templates/lossy_compression_experiment/data/landsat/coast-u16be-6x1024x1024.raw,Kakadu_cc23c1_dc23c1__bit_rate=False_ht=False_lossless=False_quality_factor=100_spatial_dwt_levels=5,Kakadu ,"{'ht': False, 'spatial_dwt_levels': 5, 'lossless': False, 'bit_rate': False, 'quality_factor': 100}",2306509,5.455392543449864,False,0.73,0.74,1,1bd5027f96024a1db48314b9739bbdde9c7ee145de7341a54f6c7ebe00483695,2.9328778584798183,2.727696271724932,3.059891894697325,2.377967826766092,0.09364652633666992,2,106.61454934957474,58.41588688294885
/home/artur/experiment-notebook/templates/lossy_compression_experiment/data/landsat/coast-u16be-6x1024x1024.raw,Kakadu_cc23c1_dc23c1__bit_rate=False_ht=False_lossless=False_quality_factor=25_spatial_dwt_levels=5,Kakadu ,"{'ht': False, 'spatial_dwt_levels': 5, 'lossless': False, 'bit_rate': False, 'quality_factor': 25}",1174,10717.982964224871,False,0.06999999999999999,0.09,1,88b7e2406e1ace08828100a6b8b835d8872c12795ae0769aefab5c9e3914c285,0.0014928181966145833,5358.991482112436,6011.642414094065,4671.894543565955,2128.1625111897793,207,63.04941818955344,14.850755722927547
/home/artur/experiment-notebook/templates/lossy_compression_experiment/data/landsat/coast-u16be-6x1024x1024.raw,Kakadu_cc23c1_dc23c1__bit_rate=False_ht=False_lossless=False_quality_factor=50_spatial_dwt_levels=5,Kakadu ,"{'ht': False, 'spatial_dwt_levels': 5, 'lossless': False, 'bit_rate': False, 'quality_factor': 50}",1592,7903.839195979897,False,0.06999999999999999,0.09000000000000001,1,17adcee89b18972c1287aedc329ac904c7664cfbf8b35d180cedbe600e41c504,0.0020243326822916665,3951.9195979899487,4433.208664664845,3445.2287651673573,766.1784857114155,184,67.4861665469941,19.287504080368205
/home/artur/experiment-notebook/templates/lossy_compression_experiment/data/landsat/coast-u16be-6x1024x1024.raw,Kakadu_cc23c1_dc23c1__bit_rate=False_ht=False_lossless=False_quality_factor=75_spatial_dwt_levels=5,Kakadu ,"{'ht': False, 'spatial_dwt_levels': 5, 'lossless': False, 'bit_rate': False, 'quality_factor': 75}",2454,5127.511002444988,False,0.05,0.09,1,ef179d4cb64c6a252d19a8b60db492289ce347a9ec2b9ef3b76508bf2957fa36,0.00312042236328125,2563.755501222494,2875.985409187625,2235.0465338820018,362.1419553756714,153,70.74067765307748,22.54201518645161
/home/artur/experiment-notebook/templates/lossy_compression_experiment/data/landsat/mountain-u16be-6x1024x1024.raw,Kakadu_cc23c1_dc23c1__bit_rate=False_ht=False_lossless=False_quality_factor=100_spatial_dwt_levels=5,Kakadu ,"{'ht': False, 'spatial_dwt_levels': 5, 'lossless': False, 'bit_rate': False, 'quality_factor': 100}",3669676,3.4288890899360047,False,1.12,1.21,1,70ab7625fadd7f4e684b4c8f0ae6b3f0d1839915f911847d50067a1d7f993952,4.666234334309896,1.7144445449680026,1.7862044463019782,1.3575933100599802,0.051139513651529946,1,109.24190014060386,61.04323767397797
/home/artur/experiment-notebook/templates/lossy_compression_experiment/data/landsat/mountain-u16be-6x1024x1024.raw,Kakadu_cc23c1_dc23c1__bit_rate=False_ht=False_lossless=False_quality_factor=25_spatial_dwt_levels=5,Kakadu ,"{'ht': False, 'spatial_dwt_levels': 5, 'lossless': False, 'bit_rate': False, 'quality_factor': 25}",608,20695.578947368416,False,0.06999999999999999,0.07,1,06f1607e8e91ad687a358cfa6171d172656c77f8dc32d7868c34a6f417f088eb,0.0007731119791666666,10347.789473684208,10780.907216591542,8193.959848170505,2904.4778091112767,152,61.698785448168366,13.500122981542466
/home/artur/experiment-notebook/templates/lossy_compression_experiment/data/landsat/mountain-u16be-6x1024x1024.raw,Kakadu_cc23c1_dc23c1__bit_rate=False_ht=False_lossless=False_quality_factor=50_spatial_dwt_levels=5,Kakadu ,"{'ht': False, 'spatial_dwt_levels': 5, 'lossless': False, 'bit_rate': False, 'quality_factor': 50}",790,15927.736708860759,False,0.06999999999999999,0.09000000000000001,1,ca6027a3252ee18cb16430a2acda39c8eac7871f604d3ba63060aa238472bd8f,0.0010045369466145833,7963.8683544303785,8297.204541376783,6306.237452769199,2995.780460198721,152,61.5643662374264,13.365703770800508
/home/artur/experiment-notebook/templates/lossy_compression_experiment/data/landsat/mountain-u16be-6x1024x1024.raw,Kakadu_cc23c1_dc23c1__bit_rate=False_ht=False_lossless=False_quality_factor=75_spatial_dwt_levels=5,Kakadu ,"{'ht': False, 'spatial_dwt_levels': 5, 'lossless': False, 'bit_rate': False, 'quality_factor': 75}",751,16754.876165113183,False,0.07,0.08,1,ed7d06f63f9149ab3ed660745010d8b87804fb59c33e33d4aee6cbc176a722bc,0.0009549458821614584,8377.438082556591,8728.084670689292,6633.725150050156,681.8685785929363,186,67.9924592948961,19.793796828270207
/home/artur/experiment-notebook/templates/lossy_compression_experiment/data/landsat/agriculture-u16be-6x1024x1024.raw,Kakadu_MCT_cc23c1_dc23c1__bit_rate=1_ht=False_lossless=False_quality_factor=False_spatial_dwt_levels=5_spectral_dwt_levels=5,Kakadu MCT ,"{'ht': False, 'spatial_dwt_levels': 5, 'lossless': False, 'bit_rate': 1, 'quality_factor': False, 'spectral_dwt_levels': 5}",130334,96.54358801233757,False,0.18000000000000002,0.18,1,728d25d9e5b4ce23ffa7bfc57d22415a3c9a5657af2cd61b8bfc17b0ce08636a,0.1657282511393229,48.27179400616878,51.88135323481337,39.81340473327121,46.145317395528146,95,79.68818970044214,31.48952723381625
/home/artur/experiment-notebook/templates/lossy_compression_experiment/data/landsat/agriculture-u16be-6x1024x1024.raw,Kakadu_MCT_cc23c1_dc23c1__bit_rate=2_ht=False_lossless=False_quality_factor=False_spatial_dwt_levels=5_spectral_dwt_levels=5,Kakadu MCT ,"{'ht': False, 'spatial_dwt_levels': 5, 'lossless': False, 'bit_rate': 2, 'quality_factor': False, 'spectral_dwt_levels': 5}",261405,48.13569748092041,False,0.17,0.16,1,28eccc8d68fc7b9d22d66241f1ddca34179edc4978133d5d92a6a6d7a1acdb21,0.3323936462402344,24.06784874046021,25.86753999543301,19.85057781031797,26.692128817240402,60,82.06563395424834,33.86697148762244
/home/artur/experiment-notebook/templates/lossy_compression_experiment/data/landsat/agriculture-u16be-6x1024x1024.raw,Kakadu_MCT_cc23c1_dc23c1__bit_rate=3_ht=False_lossless=False_quality_factor=False_spatial_dwt_levels=5_spectral_dwt_levels=5,Kakadu MCT ,"{'ht': False, 'spatial_dwt_levels': 5, 'lossless': False, 'bit_rate': 3, 'quality_factor': False, 'spectral_dwt_levels': 5}",329530,38.18442023487997,False,0.17,0.24,1,8782fd702e789ccccbbbbc1942f106ecb9a6ddc7d35ad96210eb25f40561a45a,0.4190190633138021,19.092210117439986,20.519844300992826,15.746791771632836,21.19006506601969,35,83.06814317277,34.8694807061441
/home/artur/experiment-notebook/templates/lossy_compression_experiment/data/landsat/agriculture-u16be-6x1024x1024.raw,Kakadu_MCT_cc23c1_dc23c1__bit_rate=4_ht=False_lossless=False_quality_factor=False_spatial_dwt_levels=5_spectral_dwt_levels=5,Kakadu MCT ,"{'ht': False, 'spatial_dwt_levels': 5, 'lossless': False, 'bit_rate': 4, 'quality_factor': False, 'spectral_dwt_levels': 5}",329769,38.15674608589649,False,0.19,0.22,1,5e93286a66f4e0c005474886ca5fa25e91d6adbaecb4f9738ca0a638dec6143c,0.4193229675292969,19.078373042948247,20.504972548984792,15.73537928824774,21.19006506601969,35,83.06814317277,34.8694807061441
/home/artur/experiment-notebook/templates/lossy_compression_experiment/data/landsat/agriculture-u16be-6x1024x1024.raw,Kakadu_MCT_cc23c1_dc23c1__bit_rate=False_ht=False_lossless=False_quality_factor=100_spatial_dwt_levels=5_spectral_dwt_levels=5,Kakadu MCT ,"{'ht': False, 'spatial_dwt_levels': 5, 'lossless': False, 'bit_rate': False, 'quality_factor': 100, 'spectral_dwt_levels': 5}",3582530,3.5122977337244907,False,1.06,1.31,1,65687af29c95a050dce7812728f640b3b89992633f33ffae34fcf9babc191756,4.555422465006512,1.7561488668622454,1.887466201959556,1.4484289852439949,0.05719343821207683,2,108.75600402369568,60.557341557069776
/home/artur/experiment-notebook/templates/lossy_compression_experiment/data/landsat/agriculture-u16be-6x1024x1024.raw,Kakadu_MCT_cc23c1_dc23c1__bit_rate=False_ht=False_lossless=False_quality_factor=25_spatial_dwt_levels=5_spectral_dwt_levels=5,Kakadu MCT ,"{'ht': False, 'spatial_dwt_levels': 5, 'lossless': False, 'bit_rate': False, 'quality_factor': 25, 'spectral_dwt_levels': 5}",449,28024.30289532294,False,0.08,0.1,1,5e4e81a40b7cd826c2d3f3873950ab0a2261b1820c2ce8438efae9f67220c6fa,0.0005709330240885416,14012.15144766147,15059.920473287675,11556.882611372312,6884.757261594134,255,57.950579747470854,9.751917280844967
/home/artur/experiment-notebook/templates/lossy_compression_experiment/data/landsat/agriculture-u16be-6x1024x1024.raw,Kakadu_MCT_cc23c1_dc23c1__bit_rate=False_ht=False_lossless=False_quality_factor=50_spatial_dwt_levels=5_spectral_dwt_levels=5,Kakadu MCT ,"{'ht': False, 'spatial_dwt_levels': 5, 'lossless': False, 'bit_rate': False, 'quality_factor': 50, 'spectral_dwt_levels': 5}",922,13647.409978308026,False,0.07,0.08,1,a793af3731912c4ec087beb98953300f2ad8fb8ca724923a2fba4c908622154a,0.0011723836263020833,6823.704989154013,7333.952594909074,5628.026347620574,2757.3958868980408,208,61.92447484097071,13.725812374344804
/home/artur/experiment-notebook/templates/lossy_compression_experiment/data/landsat/agriculture-u16be-6x1024x1024.raw,Kakadu_MCT_cc23c1_dc23c1__bit_rate=False_ht=False_lossless=False_quality_factor=75_spatial_dwt_levels=5_spectral_dwt_levels=5,Kakadu MCT ,"{'ht': False, 'spatial_dwt_levels': 5, 'lossless': False, 'bit_rate': False, 'quality_factor': 75, 'spectral_dwt_levels': 5}",865,14546.719075144507,False,0.07,0.1,1,d759016326e49093657394be3788c2e863b91f4de1d348c1dd104e260da41e63,0.0010999043782552085,7273.359537572253,7817.230395960885,5998.8905115678235,429.8956923484802,195,69.9958351412007,21.79717267457481
/home/artur/experiment-notebook/templates/lossy_compression_experiment/data/landsat/coast-u16be-6x1024x1024.raw,Kakadu_MCT_cc23c1_dc23c1__bit_rate=1_ht=False_lossless=False_quality_factor=False_spatial_dwt_levels=5_spectral_dwt_levels=5,Kakadu MCT ,"{'ht': False, 'spatial_dwt_levels': 5, 'lossless': False, 'bit_rate': 1, 'quality_factor': False, 'spectral_dwt_levels': 5}",106333,118.33496656729332,False,0.13,0.11,1,490865f10953fc82d52e15491593d554fbf9a60fd6462d1adaab5a390b4c5382,0.13520940144856772,59.16748328364666,66.37326318402032,51.58139236310864,7.994728883107502,30,87.301428669738,39.10276620311212
/home/artur/experiment-notebook/templates/lossy_compression_experiment/data/landsat/coast-u16be-6x1024x1024.raw,Kakadu_MCT_cc23c1_dc23c1__bit_rate=2_ht=False_lossless=False_quality_factor=False_spatial_dwt_levels=5_spectral_dwt_levels=5,Kakadu MCT ,"{'ht': False, 'spatial_dwt_levels': 5, 'lossless': False, 'bit_rate': 2, 'quality_factor': False, 'spectral_dwt_levels': 5}",106357,118.30826367799015,False,0.14,0.13,1,2bf38049ead58d63b1d11636226d6f5db6ccd12567eb83b79a069ed38220ad78,0.13523991902669272,59.15413183899509,66.3582857183489,51.56975275860011,7.994728883107502,30,87.301428669738,39.10276620311212
/home/artur/experiment-notebook/templates/lossy_compression_experiment/data/landsat/coast-u16be-6x1024x1024.raw,Kakadu_MCT_cc23c1_dc23c1__bit_rate=3_ht=False_lossless=False_quality_factor=False_spatial_dwt_levels=5_spectral_dwt_levels=5,Kakadu MCT ,"{'ht': False, 'spatial_dwt_levels': 5, 'lossless': False, 'bit_rate': 3, 'quality_factor': False, 'spectral_dwt_levels': 5}",106357,118.30826367799015,False,0.14,0.16,1,2bf38049ead58d63b1d11636226d6f5db6ccd12567eb83b79a069ed38220ad78,0.13523991902669272,59.15413183899509,66.3582857183489,51.56975275860011,7.994728883107502,30,87.301428669738,39.10276620311212
/home/artur/experiment-notebook/templates/lossy_compression_experiment/data/landsat/coast-u16be-6x1024x1024.raw,Kakadu_MCT_cc23c1_dc23c1__bit_rate=4_ht=False_lossless=False_quality_factor=False_spatial_dwt_levels=5_spectral_dwt_levels=5,Kakadu MCT ,"{'ht': False, 'spatial_dwt_levels': 5, 'lossless': False, 'bit_rate': 4, 'quality_factor': False, 'spectral_dwt_levels': 5}",106357,118.30826367799015,False,0.12,0.18000000000000002,1,2bf38049ead58d63b1d11636226d6f5db6ccd12567eb83b79a069ed38220ad78,0.13523991902669272,59.15413183899509,66.3582857183489,51.56975275860011,7.994728883107502,30,87.301428669738,39.10276620311212
/home/artur/experiment-notebook/templates/lossy_compression_experiment/data/landsat/coast-u16be-6x1024x1024.raw,Kakadu_MCT_cc23c1_dc23c1__bit_rate=False_ht=False_lossless=False_quality_factor=100_spatial_dwt_levels=5_spectral_dwt_levels=5,Kakadu MCT ,"{'ht': False, 'spatial_dwt_levels': 5, 'lossless': False, 'bit_rate': False, 'quality_factor': 100, 'spectral_dwt_levels': 5}",2305115,5.458691648789756,False,0.73,0.92,1,272bde355b152fc100c58bcf1943107838d0c368d7b36d3e6a27c697c1e67bca,2.9311052958170567,2.7293458243948785,3.0617423400335486,2.379405883934828,0.09322325388590497,2,106.63422349954844,58.435561032922536
/home/artur/experiment-notebook/templates/lossy_compression_experiment/data/landsat/coast-u16be-6x1024x1024.raw,Kakadu_MCT_cc23c1_dc23c1__bit_rate=False_ht=False_lossless=False_quality_factor=25_spatial_dwt_levels=5_spectral_dwt_levels=5,Kakadu MCT ,"{'ht': False, 'spatial_dwt_levels': 5, 'lossless': False, 'bit_rate': False, 'quality_factor': 25, 'spectral_dwt_levels': 5}",522,24105.195402298847,False,0.08,0.1,1,969f3707c21ef242e98192990caf329ad555583871fa512cc1bbf33bb13c52b2,0.00066375732421875,12052.597701149423,13520.437153537228,10507.28772824987,7209.41899760564,244,57.75046340911066,9.55180094248477
/home/artur/experiment-notebook/templates/lossy_compression_experiment/data/landsat/coast-u16be-6x1024x1024.raw,Kakadu_MCT_cc23c1_dc23c1__bit_rate=False_ht=False_lossless=False_quality_factor=50_spatial_dwt_levels=5_spectral_dwt_levels=5,Kakadu MCT ,"{'ht': False, 'spatial_dwt_levels': 5, 'lossless': False, 'bit_rate': False, 'quality_factor': 50, 'spectral_dwt_levels': 5}",692,18183.39884393064,False,0.06,0.15,1,ffbe69872534aa72879e6222225a099e4642152db0dc9c71df6b3feb554e8c86,0.0008799235026041666,9091.699421965317,10198.94247709022,7926.01762159889,1152.8547372817993,165,65.71172019031398,17.513057723688096
/home/artur/experiment-notebook/templates/lossy_compression_experiment/data/landsat/coast-u16be-6x1024x1024.raw,Kakadu_MCT_cc23c1_dc23c1__bit_rate=False_ht=False_lossless=False_quality_factor=75_spatial_dwt_levels=5_spectral_dwt_levels=5,Kakadu MCT ,"{'ht': False, 'spatial_dwt_levels': 5, 'lossless': False, 'bit_rate': False, 'quality_factor': 75, 'spectral_dwt_levels': 5}",901,13965.496115427302,False,0.07,0.12,1,b9257702073f7ec789f6a8bf41b6466fa3dce9f87624d1eaa7a61321a4a5d327,0.0011456807454427087,6982.748057713651,7833.150048997149,6087.4630345687365,325.69402265548706,152,71.2013681934192,23.002705726793323
/home/artur/experiment-notebook/templates/lossy_compression_experiment/data/landsat/mountain-u16be-6x1024x1024.raw,Kakadu_MCT_cc23c1_dc23c1__bit_rate=1_ht=False_lossless=False_quality_factor=False_spatial_dwt_levels=5_spectral_dwt_levels=5,Kakadu MCT ,"{'ht': False, 'spatial_dwt_levels': 5, 'lossless': False, 'bit_rate': 1, 'quality_factor': False, 'spectral_dwt_levels': 5}",130479,96.43630009426805,False,0.24,0.17,1,856b482b642d2753b19a5dfa4d3e1a06cee892dbb7d55bc87f39aa0fe047f012,0.16591262817382812,48.218150047134024,50.23637204214975,38.18183453036633,36.75076103210449,86,80.6768027067841,32.47814024015822
/home/artur/experiment-notebook/templates/lossy_compression_experiment/data/landsat/mountain-u16be-6x1024x1024.raw,Kakadu_MCT_cc23c1_dc23c1__bit_rate=2_ht=False_lossless=False_quality_factor=False_spatial_dwt_levels=5_spectral_dwt_levels=5,Kakadu MCT ,"{'ht': False, 'spatial_dwt_levels': 5, 'lossless': False, 'bit_rate': 2, 'quality_factor': False, 'spectral_dwt_levels': 5}",261050,48.20115686650068,False,0.2,0.21,1,f0b0cee3039f931666758b068133b0cf30af019e094844dab00eff9b4ca64762,0.33194224039713544,24.100578433250327,25.109333796926478,19.084189188613934,22.503324190775558,45,82.80699930704678,34.60833684042088
/home/artur/experiment-notebook/templates/lossy_compression_experiment/data/landsat/mountain-u16be-6x1024x1024.raw,Kakadu_MCT_cc23c1_dc23c1__bit_rate=3_ht=False_lossless=False_quality_factor=False_spatial_dwt_levels=5_spectral_dwt_levels=5,Kakadu MCT ,"{'ht': False, 'spatial_dwt_levels': 5, 'lossless': False, 'bit_rate': 3, 'quality_factor': False, 'spectral_dwt_levels': 5}",271311,46.378185919479854,False,0.21,0.18,1,53f0bbc94d21fc9d32fdaa2c0cb9b7e6d229ae8cf94dc90f366fcc6c6ceac1ac,0.3449897766113281,23.189092959739927,24.15969712871081,18.362423888775865,22.08397102355957,36,82.88869438901034,34.690031922384456
/home/artur/experiment-notebook/templates/lossy_compression_experiment/data/landsat/mountain-u16be-6x1024x1024.raw,Kakadu_MCT_cc23c1_dc23c1__bit_rate=4_ht=False_lossless=False_quality_factor=False_spatial_dwt_levels=5_spectral_dwt_levels=5,Kakadu MCT ,"{'ht': False, 'spatial_dwt_levels': 5, 'lossless': False, 'bit_rate': 4, 'quality_factor': False, 'spectral_dwt_levels': 5}",271327,46.37545102404111,False,0.24,0.15000000000000002,1,849892ce37cf460487bf68cbeb307383128c41a322df8be76e109b0056f20e2c,0.34501012166341144,23.18772551202056,24.15827244501159,18.361341067006485,22.08397102355957,36,82.88869438901034,34.690031922384456
/home/artur/experiment-notebook/templates/lossy_compression_experiment/data/landsat/mountain-u16be-6x1024x1024.raw,Kakadu_MCT_cc23c1_dc23c1__bit_rate=False_ht=False_lossless=False_quality_factor=100_spatial_dwt_levels=5_spectral_dwt_levels=5,Kakadu MCT ,"{'ht': False, 'spatial_dwt_levels': 5, 'lossless': False, 'bit_rate': False, 'quality_factor': 100, 'spectral_dwt_levels': 5}",3669176,3.4293563459479732,False,1.19,1.4,1,13114e8ca5980d4803c70d02bb48d6d68bef495534a52a05932f5b9e748babb9,4.665598551432292,1.7146781729739866,1.786447853056833,1.3577783098133391,0.05070066452026367,1,109.27932955976408,61.08066709313818
/home/artur/experiment-notebook/templates/lossy_compression_experiment/data/landsat/mountain-u16be-6x1024x1024.raw,Kakadu_MCT_cc23c1_dc23c1__bit_rate=False_ht=False_lossless=False_quality_factor=25_spatial_dwt_levels=5_spectral_dwt_levels=5,Kakadu MCT ,"{'ht': False, 'spatial_dwt_levels': 5, 'lossless': False, 'bit_rate': False, 'quality_factor': 25, 'spectral_dwt_levels': 5}",449,28024.30289532294,False,0.12,0.06999999999999999,1,5e4e81a40b7cd826c2d3f3873950ab0a2261b1820c2ce8438efae9f67220c6fa,0.0005709330240885416,14012.15144766147,14598.644961442444,11095.6070995271,3541.397886435191,255,60.83771883772791,12.639056371102011
/home/artur/experiment-notebook/templates/lossy_compression_experiment/data/landsat/mountain-u16be-6x1024x1024.raw,Kakadu_MCT_cc23c1_dc23c1__bit_rate=False_ht=False_lossless=False_quality_factor=50_spatial_dwt_levels=5_spectral_dwt_levels=5,Kakadu MCT ,"{'ht': False, 'spatial_dwt_levels': 5, 'lossless': False, 'bit_rate': False, 'quality_factor': 50, 'spectral_dwt_levels': 5}",540,23301.688888888893,False,0.13,0.08,1,c002e1312ff69344e127abdf55cc5da7968c0f8ea0705ae1cac67a9a11833d15,0.0006866455078125,11650.844444444443,12138.502940162329,9225.791829051237,2203.261475721995,255,62.898805667008226,14.700143200382335
/home/artur/experiment-notebook/templates/lossy_compression_experiment/data/landsat/mountain-u16be-6x1024x1024.raw,Kakadu_MCT_cc23c1_dc23c1__bit_rate=False_ht=False_lossless=False_quality_factor=75_spatial_dwt_levels=5_spectral_dwt_levels=5,Kakadu MCT ,"{'ht': False, 'spatial_dwt_levels': 5, 'lossless': False, 'bit_rate': False, 'quality_factor': 75, 'spectral_dwt_levels': 5}",841,14961.845422116528,False,0.14,0.08,1,9122e643ac913893cc243ee057d0b3bc02ba5c8f49dbcaf796ff2ee5f7d3ae27,0.0010693868001302085,7480.922711058264,7794.044694040022,5923.814016275467,743.2823514938354,190,67.61792786499156,19.419265398365678
/home/artur/experiment-notebook/templates/lossy_compression_experiment/8bit_images/mono_u8be/sample_u8be-1x128x128.raw,JPEG_LS_2bf27__ls=0_m=1,JPEG-LS,"{'ls': 0, 'm': 1}",2736,5.988304093567251,False,0.0,0.0,1,8fba67e2ab615d909c501df704727410e555d193ee09b7116b1c3a28b51b2b07,1.3359375,5.988304093567251,5.988303063640929,-0.3742690058479532,0.66485595703125,1,49.90352796531092,49.90352796531092
/home/artur/experiment-notebook/templates/lossy_compression_experiment/8bit_images/mono_u8be/sample_u8be-1x128x128.raw,JPEG_LS_2bf27__ls=0_m=2,JPEG-LS,"{'ls': 0, 'm': 2}",2629,6.2320273868391025,False,0.0,0.0,1,cd6ed431a7b2c3a3102bc36466f98bf4e05dfe8e3ddfac23081307caa622c1f1,1.28369140625,6.2320273868391025,6.232026314994896,-0.3895017116774439,2.06365966796875,2,44.98442284439007,44.98442284439007
/home/artur/experiment-notebook/templates/lossy_compression_experiment/8bit_images/mono_u8be/sample_u8be-1x128x128.raw,JPEG_LS_2bf27__ls=0_m=3,JPEG-LS,"{'ls': 0, 'm': 3}",2526,6.486144101346001,False,0.0,0.0,1,c7fb50dda906cc01eda9b29c0f08c2c0152cf370ea450882d0d114b72d700da6,1.2333984375,6.486144101346001,6.48614298579635,-0.4053840063341251,4.15887451171875,3,41.94104544540076,41.94104544540076
/home/artur/experiment-notebook/templates/lossy_compression_experiment/8bit_images/mono_u8be/sample_u8be-1x128x128.raw,JPEG_LS_2bf27__ls=0_m=4,JPEG-LS,"{'ls': 0, 'm': 4}",2486,6.5905068382944485,False,0.0,0.0,1,285102f1885ab81dd4fd8b8cdabeccd35c3966bc5ff8dd86f35614f45b7fa720,1.2138671875,6.5905068382944485,6.590505704795488,-0.41190667739340303,6.9798583984375,4,39.69233748760654,39.69233748760654
/home/artur/experiment-notebook/templates/lossy_compression_experiment/8bit_images/mono_u8be/sample_u8be-1x128x128.raw,JPEG_LS_2bf27__ls=0_m=5,JPEG-LS,"{'ls': 0, 'm': 5}",2470,6.633198380566801,False,0.0,0.0,1,3bfed15f3cda83bc11131295dc69456e5f698400afb3411f2bb23c96340632a9,1.2060546875,6.633198380566801,6.633197239725337,-0.4145748987854251,10.5894775390625,5,37.88205827342058,37.88205827342058
/home/artur/experiment-notebook/templates/lossy_compression_experiment/8bit_images/multi_u8be/sample_u8be-10x128x128.raw,JPEG_LS_2bf27__ls=0_m=1,JPEG-LS,"{'ls': 0, 'm': 1}",25766,6.3587673678491035,False,0.03,0.03,1,abafa351c6c48a76876855e90ff7decf0492eb52428992df41a864b1d11ca23d,1.25810546875,6.3587673678491035,6.3587673569131224,-0.39742296049056897,0.65228271484375,1,49.98644490773203,49.98644490773203
/home/artur/experiment-notebook/templates/lossy_compression_experiment/8bit_images/multi_u8be/sample_u8be-10x128x128.raw,JPEG_LS_2bf27__ls=0_m=2,JPEG-LS,"{'ls': 0, 'm': 2}",24847,6.5939550046283255,False,0.03,0.02,1,fd55ae835fed4e17102fe5d08a409d1ac73c347df395b561492f58290ebf2faa,1.213232421875,6.5939550046283255,6.593954993287863,-0.41212218778927034,2.02320556640625,2,45.0704034966393,45.0704034966393
/home/artur/experiment-notebook/templates/lossy_compression_experiment/8bit_images/multi_u8be/sample_u8be-10x128x128.raw,JPEG_LS_2bf27__ls=0_m=3,JPEG-LS,"{'ls': 0, 'm': 3}",23953,6.840061787667516,False,0.03,0.03,1,c438ce64c5f1e1be7c418aee436d1a4e025218f00d4c47f6f2acc725ac696e28,1.169580078125,6.840061787667516,6.840061775903791,-0.4275038617292197,4.129840087890625,3,41.971471252626586,41.971471252626586
/home/artur/experiment-notebook/templates/lossy_compression_experiment/8bit_images/multi_u8be/sample_u8be-10x128x128.raw,JPEG_LS_2bf27__ls=0_m=4,JPEG-LS,"{'ls': 0, 'm': 4}",23621,6.936200838237162,False,0.02,0.03,1,f59e90bb09770eaa1b1e4fbb454ddf3cd6921de7ccb076cfcb51db68b388fea9,1.153369140625,6.936200838237162,6.936200826308095,-0.4335125523898226,6.86064453125,4,39.76715442943033,39.76715442943033
/home/artur/experiment-notebook/templates/lossy_compression_experiment/8bit_images/multi_u8be/sample_u8be-10x128x128.raw,JPEG_LS_2bf27__ls=0_m=5,JPEG-LS,"{'ls': 0, 'm': 5}",23445,6.988270420132224,False,0.03,0.03,1,c6d07d39d85d30efd9e594e7fe8500a5e9dcf27b8244b812eeeb5f35a401ef1a,1.144775390625,6.988270420132224,6.988270408113607,-0.436766901258264,10.124658203125,5,38.07699990018469,38.07699990018469
/home/artur/experiment-notebook/templates/lossy_compression_experiment/8bit_images/rgb_u8be/sample_u8be-3x128x128.raw,JPEG_LS_2bf27__ls=0_m=1,JPEG-LS,"{'ls': 0, 'm': 1}",7976,6.162487462387161,False,0.01,0.01,1,432f02976a92dbf6de23b968a596722db4d219dfef5f4569ac574a25a9d34f80,1.2981770833333333,6.162487462387161,6.162487344626525,-0.38515546639919757,0.66424560546875,1,49.90751670991445,49.90751670991445
/home/artur/experiment-notebook/templates/lossy_compression_experiment/8bit_images/rgb_u8be/sample_u8be-3x128x128.raw,JPEG_LS_2bf27__ls=0_m=2,JPEG-LS,"{'ls': 0, 'm': 2}",7622,6.448701128312779,False,0.0,0.0,1,0d9c7ae8d68b712fbd37ab4aaeb353fbecd2e4c3d4bd98c2c4438efcd2bf9919,1.2405598958333333,6.448701128312779,6.448701005082809,-0.4030438205195487,2.03228759765625,2,45.05095194048849,45.05095194048849
/home/artur/experiment-notebook/templates/lossy_compression_experiment/8bit_images/rgb_u8be/sample_u8be-3x128x128.raw,JPEG_LS_2bf27__ls=0_m=3,JPEG-LS,"{'ls': 0, 'm': 3}",7323,6.71200327734535,False,0.01,0.01,1,a7c1cbbb3ebf5d8f39b25343de63b12d0f12b33a9029a111bccdb6e6b59d85fe,1.19189453125,6.71200327734535,6.712003149083868,-0.4195002048340844,4.182881673177083,3,41.91604781588045,41.91604781588045
/home/artur/experiment-notebook/templates/lossy_compression_experiment/8bit_images/rgb_u8be/sample_u8be-3x128x128.raw,JPEG_LS_2bf27__ls=0_m=4,JPEG-LS,"{'ls': 0, 'm': 4}",7211,6.816252946886701,False,0.0,0.01,1,dfca1a1f2b093266ad17d4384d625e0f7ce940e022018d0ad143473d4cde7e0e,1.1736653645833333,6.816252946886701,6.816252816633084,-0.4260158091804188,6.900065104166667,4,39.74227172413707,39.74227172413707
/home/artur/experiment-notebook/templates/lossy_compression_experiment/8bit_images/rgb_u8be/sample_u8be-3x128x128.raw,JPEG_LS_2bf27__ls=0_m=5,JPEG-LS,"{'ls': 0, 'm': 5}",7153,6.871522438137844,False,0.0,0.01,1,4a6660bae4d19bab62d0818a79bc7f3ec01fc1a3f819db3c91c12efa743d2ef5,1.1642252604166667,6.871522438137844,6.8715223068280675,-0.42947015238361524,10.304646809895834,5,38.00047249870772,38.00047249870772
/home/artur/experiment-notebook/templates/lossy_compression_experiment/8bit_images/rgba_u8be/sample_u8be-4x128x128.raw,JPEG_LS_2bf27__ls=0_m=1,JPEG-LS,"{'ls': 0, 'm': 1}",10566,6.202536437630134,False,0.01,0.01,1,8be0cccc4aa4a797c7868b3a74581b7be525821be4fdfeef81a95c6c93c2f330,1.289794921875,6.202536437630134,6.202536370959424,-0.3876585273518834,0.6641845703125,1,49.90791578593761,49.90791578593761
/home/artur/experiment-notebook/templates/lossy_compression_experiment/8bit_images/rgba_u8be/sample_u8be-4x128x128.raw,JPEG_LS_2bf27__ls=0_m=2,JPEG-LS,"{'ls': 0, 'm': 2}",10086,6.497719611342455,False,0.01,0.01,1,694b434f355112e1b25a3dfd4ee8ee51970d2038e4a79095ff8fb1de82b0661b,1.231201171875,6.497719611342455,6.497719541498838,-0.40610747570890343,2.0261993408203125,2,45.06398191137053,45.06398191137053
/home/artur/experiment-notebook/templates/lossy_compression_experiment/8bit_images/rgba_u8be/sample_u8be-4x128x128.raw,JPEG_LS_2bf27__ls=0_m=3,JPEG-LS,"{'ls': 0, 'm': 3}",9700,6.756288659793815,False,0.01,0.01,1,388107a13139435af01df3d0a827d4083d39e80fb26472cebf863372158a9a3e,1.18408203125,6.756288659793815,6.756288587170853,-0.4222680412371134,4.175445556640625,3,41.923775355474966,41.923775355474966
/home/artur/experiment-notebook/templates/lossy_compression_experiment/8bit_images/rgba_u8be/sample_u8be-4x128x128.raw,JPEG_LS_2bf27__ls=0_m=4,JPEG-LS,"{'ls': 0, 'm': 4}",9552,6.860971524288107,False,0.01,0.01,1,17d1dce3e748c8d3147f712193d82a684fdcaa8d352c79b721ce3e05ec36bf1c,1.166015625,6.860971524288107,6.860971450539916,-0.4288107202680067,6.84588623046875,4,39.776506834032105,39.776506834032105
/home/artur/experiment-notebook/templates/lossy_compression_experiment/8bit_images/rgba_u8be/sample_u8be-4x128x128.raw,JPEG_LS_2bf27__ls=0_m=5,JPEG-LS,"{'ls': 0, 'm': 5}",9481,6.912351017825124,False,0.01,0.01,1,a56ac581ed34bf38d1de9ba86e29b4432f96160468cf3d66f8034eb5ba39db04,1.1573486328125,6.912351017825124,6.9123509435246575,-0.43202193861407023,10.240463256835938,5,38.027607572225534,38.027607572225534
